scientific_name,common_name
Homo sapiens,Essere umano
Abutilon theophrasti,Cencio molle
Acalypha virginica,Acalifa della Virginia
Acanthiophilus helianthi,Mosca del Cartamo
Acanthocardia aculeata,Cardio spinoso
Acanthocardia echinata,Cardio spinoso
Acanthocardia tuberculata,Cardio tubercolato
Acanthoiulus fuscipes,Millepiedi adriatico
Accipiter nisus,Sparviero
Acer campestre,Acero campestre
Acer negundo,Acero americano
Acer platanoides,acero riccio
Acherontia atropos,Sfinge testa di morto
Achillea millefolium,achillea millefoglie
Achillea roseoalba,Millefoglio bianco-roseo
Aclees taiwanensis,punteruolo nero del fico
Acontia trabealis,Nottua arlecchino
Acrida ungarica,Acrida mediterranea
Acrocephalus arundinaceus,Cannareccione
Acrocephalus melanopogon,Forapaglie castagnolo
Acrocephalus palustris,Cannaiola verdognola
Acrocephalus schoenobaenus,Forapaglie comune
Acrocephalus scirpaceus,Cannaiola
Acronicta rumicis,Nottua del romice
Acrotylus patruelis,Acrotilo slanciato mediterraneo
Actinia mediterranea,pomodoro di mare mediterraneo
Actitis hypoleucos,Piro piro piccolo
Adalia bipunctata,Coccinella a due punti
Adelphocoris lineolatus,Cimice dell'erba medica
Adiantum capillus-veneris,Capelvenere comune
Aedes albopictus,Zanzara tigre
Aedes caspius,Zanzara delle risaie
Aedes koreicus,Zanzara coreana
Aegithalos caudatus,Codibugnolo
Aegithalos caudatus caudatus,Codibugnolo
Aequipecten opercularis,Canestrello
Aequorea,Equorea
Aequorea forskalea,Equorea di Forskal
Aeshna affinis,Dragone occhiblu
Aeshna mixta,Dragone autunnale
Agelena labyrinthica,Ragno dei labirinti
Aglais io,Occhio di pavone
Aglais urticae,Vanessa dell'ortica
Aglaophenia pluma,Piuma di mare
Agrimonia eupatoria,Agrimonia comune
Agrius convolvuli,Sfinge del convolvolo
Agrotis exclamationis,Falena punto esclamativo
Agrotis ipsilon,Nottua dei seminati
Aidablennius sphynx,bavosa sfinge
Ailanthus altissima,Albero del paradiso
Aiptasia couchii,Anemone di Couch
Aix galericulata,Anatra mandarina
Ajuga reptans,Bugola
Alauda arvensis,Allodola
Albizia julibrissin,Acacia di Costantinopoli
Alcea rosea,Malvarosa
Alcedo atthis,Martin pescatore comune
Alchemilla arvensis,Ventaglina dei campi
Alisma plantago-aquatica,Mestolaccia comune
Allagelena gracilens,Ragno dei labirinti gracile
Alliaria petiolata,Alliaria
Allium angulosum,Aglio angoloso
Allium carinatum carinatum,Aglio carenato
Allium neapolitanum,Aglio napoletano
Allium oleraceum,Aglio selvatico
Allium sphaerocephalon,aglio a testa sferica
Allium suaveolens,aglio odoroso
Allium ursinum,Aglio orsino
Allium vineale,Aglio delle viti
Alnus cordata,Ontano napoletano
Alnus glutinosa,Ontano nero
Alopecurus myosuroides,Coda di topo dei campi
Alopochen aegyptiaca,Oca egiziana
Althaea officinalis,Bismalva
Amanita echinocephala,Amanita verrucosa
Amaranthus blitum,Amaranto livido
Amaranthus deflexus,amaranto prostrato
Amaranthus retroflexus,Amaranto comune
Ambrosia artemisiifolia,Ambrosia con foglie di artemisia
Ambrosia psilostachya,Ambrosia con foglie di Coronopus
Ameiurus melas,Pesce gatto nero
Ameles spallanzania,Mantide di Spallanzani
Amorpha fruticosa,Amorfa fruticosa
Amphibalanus improvisus,Balano europeo
Ampithoe ramondi,Anfipode di Ramond
Anacamptis coriophora,Orchidea cimicina
Anacamptis laxiflora,Orchide acquatica
Anacamptis morio,orchidea minore
Anacamptis palustris,Orchidea palustre
Anacamptis pyramidalis,Orchidea piramidale
Anacridium aegyptium,Locusta egiziana
Anadara kagoshimensis,Arca transversale cinese
Anadara transversa,Arca transversale americana
Anarhynchus alexandrinus,Fratino
Anarhynchus leschenaultii,Corriere di Leschenault
Anas acuta,Codone
Anas crecca,Alzavola
Anas platyrhynchos,Germano reale
Anas platyrhynchos × cairina moschata,Mulard
Anas platyrhynchos domesticus,Anatra domestica
Anax ephippiger,Imperatore migrante
Anax imperator,Imperatore comune
Anax parthenope,Imperatore minore
Andrena morio,Ape mineraria
Anemonia viridis,Anemone di mare comune
Anemonoides nemorosa,Anemone dei boschi
Anguilla anguilla,Anguilla europea
Anguis veronensis,Orbettino italiano
Anisolabis maritima,Forbice di mare
Anomala vitis,carruga della vite
Anomia ephippium,Ostrica cipollina
Anoxia villosa,Scarabeo villoso
Anser albifrons,Oca lombardella
Anser anser,Oca grigia
Anser anser domesticus,Oca grigia domestica
Anser cygnoides domesticus,Oca cignoide domestica
Anser erythropus,Oca lombardella minore
Anser fabalis,Oca granaiola
Anser indicus,Oca indiana
Anser serrirostris,Oca granaiola della tundra
Anthericum ramosum,Lilioasfodelo minore
Anthidium florentinum,Antidio fiorentino
Anthophora plumipes,Antofora zampe piumose
Anthoxanthum odoratum,Paleo odoroso
Anthrenus verbasci,Coleottero dei tappeti
Anthriscus caucalis,Cerfoglio lappola
Anthriscus sylvestris,Cerfoglio selvatico
Anthus pratensis,Pispola
Anthus spinoletta,Spioncello
Anthus trivialis,Prispolone
Antiopella cristata,Janolo
Antirrhinum majus,Bocca di leone comune
Aphanius fasciatus,Nono
Apis mellifera,Ape europea
Apis mellifera ligustica,Ape italiana
Aplysina aerophoba,Verongia comune
Apodemus sylvaticus,Topo selvatico
Aporia crataegi,Pieride del biancospino
Aporrhais pespelecani,piede di pellicano
Apus apus,Rondone
Apus pallidus,Rondone pallido
Aquarius paludum,Gerride di palude
Aquarius paludum paludum,Gerride di palude
Arabidopsis thaliana,arabetta comune
Araneus angulatus,Ragno dagli angoli
Araneus diadematus,Ragno crociato
Arca noae,Arca di Noè
Archidoris pseudoargus,Doride antico
Arctia villica,Bombice marezzata
Arctosa,Ragno lupo di riva
Ardea alba,Airone bianco maggiore
Ardea cinerea,Airone cenerino
Ardea cinerea cinerea,Airone cenerino
Ardea ibis,Airone guardabuoi occidentale
Ardea purpurea,Airone rosso
Ardeola ralloides,Sgarza ciuffetto
Arenaria interpres,Voltapietre
Arenicola marina,Arenicola
Arge ochropus,Argide della rosa
Argiope bruennichi,Ragno vespa
Argiope lobata,Ragno vespa lobato
Argynnis paphia,Pafia
Aricia agestis,Aricia dei campi
Arion vulgaris,Limaccia Rossa
Aristolochia clematitis,Aristolochia clematite
Aristolochia rotunda,Aristolochia rotonda
Armadillidium arcangelii,Porcellino di terra di Arcangeli
Armadillidium vulgare,Porcellino di Sant'Antonio
Armillaria mellea,Chiodino
Armoracia rusticana,Rafano
Arocatus melanocephalus,Cimice dell'Olmo
Aromia moschata,Cerambice muschiato
Arrhenatherum elatius,Avena altissima
Artemisia verlotiorum,Assenzio dei fratelli Verlot
Artemisia vulgaris,artemisia comune
Arthrocaulon macrostachyum,Salicornia glauca
Arum italicum,Gigaro chiaro
Arundo donax,canna comune
Ascidiella aspersa,Ascidiella
Asclepias syriaca,Pianta dei pappagalli
Asio flammeus,Gufo di palude
Asio otus,Gufo comune
Asparagus acutifolius,Asparago pungente
Asparagus officinalis,Asparago comune
Asperula cynanchica,Stellina comune
Asplenium ruta-muraria,Ruta di muro
Asplenium scolopendrium,Scolopendria comune
Asplenium trichomanes,asplenio
Asterina gibbosa,Stellina grassa
Astragalus glycyphyllos,Liquirizia bastarda
Astropecten,Stelle pettine
Astropecten irregularis,Stella pettine irregolare
Astropecten spinulosus,Stella pettine bruna
Athene noctua,Civetta
Atherina boyeri,latterino capoccione
Atrina fragilis,Nacchera fragile
Atriplex portulacoides,Atriplice portulacoide
Atriplex prostrata,Atriplice comune
Aurelia solida,Medusa quadrifoglio
Auricularia mesenterica,Fungo mesenterico
Autographa gamma,Falena gamma
Avena fatua,avena selvatica
Aythya ferina,Moriglione
Aythya fuligula,Moretta
Aythya marila,Moretta grigia
Aythya nyroca,Moretta tabaccata
Balanophyllia europaea,Madrepora solitaria
Balistes capriscus,pesce balestra grigio
Ballota nigra,Marrubio selvatico
Ballota nigra meridionalis,Cimiciotta meridionale
Barbatia barbata,Arca pelosa
Bellardia viscosa,Perlina maggiore
Bellevalia romana,Giacinto romano
Bellis perennis,Pratolina
Belone belone,aguglia
Berberis aquifolium,Maonia
Berberis vulgaris,Crespino comune
Berthella ocellata,Bertella ocellata
Beta vulgaris,Barbabietola
Beta vulgaris maritima,Bietola marittima
Bibio marci,Mosca di San Marco
Bidens bipinnata,Forbicina bipennata
Bidens frondosa,Forbicina peduncolata
Bittium reticulatum,Torretta reticolata
Blackstonia perfoliata,Blackstonia perfogliata
Blatta orientalis,Scarafaggio nero comune
Bolboschoenus maritimus,Lisca marittima
Bolinus brandaris,murice spinoso
Bolma rugosa,Occhio di Santa Lucia
Bombus argillaceus,Bombo argillaceo
Bombus pascuorum,Bombo dei pascoli
Bombus terrestris,Bombo terrestre
Boops boops,boga
Borago officinalis,Borragine
Botaurus minutus,Tarabusino
Botaurus stellaris,Tarabuso
Bothriochloa ischaemum,Barboncino digitato
Bothus podas,Rombo di rena
Botrylloides diegensis,Ascidia incrostante californiana
Botryllus schlosseri,Ascidia fiore
Brachytron pratense,Dragone peloso
Branta bernicla,oca colombaccio
Branta canadensis,Oca canadese
Branta leucopsis,Oca facciabianca
Branta ruficollis,Oca collorosso
Brassica napus,Colza
Brassica oleracea,Cavolo
Brassica rapa,Rapa
Bromus hordeaceus,Forasacco peloso
Bromus sterilis,Forasacco rosso
Broussonetia papyrifera,Gelso da carta
Bryonia cretica,Brionia comune
Bryonia cretica dioica,Brionia dioica
Bucephala clangula,Quattrocchi
Buddleja davidii,Albero delle farfalle
Bufo bufo,Rospo comune
Bufotes viridis,Rospo smeraldino europeo
Bufotes viridis balearicus,Rospo smeraldino italiano
Bufotes viridis viridis,Rospo smeraldino europeo
Buglossoides arvensis,Erba-perla minore
Bugula neritina,Bugula scura
Bunodactis verrucosa,Attinia verrucosa
Buteo buteo,Poiana comune
Buteo lagopus,Poiana calzata
Butomus umbellatus,Giunco fiorito
Cacoecimorpha pronubana,tortrice del garofano
Cacyreus marshalli,Licenide dei gerani
Cairina moschata domestica,Anatra muta domestica
Cakile maritima,Ravastrello marittimo
Calamagrostis arenaria,sparto pungente
Calamagrostis epigejos,cannella delle paludi
Calendula officinalis,Calendula
Calepina irregularis,Miagro rostellato
Calidris alba,Piovanello tridattilo
Calidris alpina,Piovanello pancianera
Calidris canutus,Piovanello maggiore
Calidris falcinellus,Gambecchio frullino
Calidris ferruginea,piovanello
Calidris minuta,Gambecchio comune
Calidris pugnax,Combattente
Calidris temminckii,Gambecchio nano
Calliactis parasitica,Anemone del paguro
Callinectes sapidus,Granchio reale blu
Calliostoma zizyphinum,Troco zizifino
Calliphora vicina,Callifora
Calliptamus italicus,Cavalletta dei prati
Callista chione,Fasolaro
Callonetta leucophrys,Alzavola anellata
Callophrys rubi,Tecla del rovo
Calomera littoralis,Calomera litorale
Calomera littoralis nemoralis,Calomera litorale
Calonectris diomedea,Berta maggiore
Calopteryx splendens,Splendente comune
Calosoma sycophanta,Sicofante
Caltha palustris,Calta palustre
Calyptraea chinensis,Cappello cinese
Calystegia sepium,Vilucchio bianco
Calystegia silvatica,Vilucchio maggiore
Calystegia soldanella,Vilucchio marittimo
Campanula latifolia,Campanula maggiore
Campanula pyramidalis,Campanula adriatica
Campanula trachelium,Campanula selvatica
Canis aureus,Sciacallo dorato
Capreolus capreolus,Capriolo
Caprimulgus europaeus,Succiacapre
Capsella bursa-pastoris,Borsa del pastore
Capsella rubella,Borsapastore annuale
Carabus coriaceus,Carabo coriaceo
Carassius gibelio,carpa di Prussia
Carcharodus alceae,Alcea
Carcinus aestuarii,Granchio verde mediterraneo
Cardamine amara,Billeri amaro
Cardamine hirsuta,Billeri primaticcio
Cardites antiquatus,Cardio antico
Carduelis carduelis,Cardellino
Carduus pycnocephalus,Cardo saettone
Caretta caretta,Tartaruga caretta
Carex acutiformis,carice tagliente
Carex caryophyllea,carice primaticcia
Carex distans,carice a spighe distanti
Carex divisa,carice scirpina
Carex extensa,carice delle lagune
Carex flacca,Carice glauca
Carex otrubae,carice volpina
Carex pendula,carice maggiore
Carpinus betulus,Carpino bianco
Carpobrotus acinaciformis,fico degli ottentotti comune
Carrhotus xanthogramma,Salticide arancione
Carybdea marsupialis,Cubomedusa mediterranea
Catapodium marinum,Logliarello marino
Catapodium rigidum,Logliarello ruderale
Catocala coniuncta,Falena dal sottoala rosa
Catocala nupta,Falena dal sottoala rosso
Catocala nymphaea,Falena dal sottoala arancione
Catocala puerpera,Falena dal sottoala purpureo
Cecropis rufula,Rondine rossiccia europea
Celastrina argiolus,Licenide del rovo
Celtis australis,Spaccasassi
Cenchrus longispinus,Nappola con spine lunghe
Cenchrus spinifex,Nappola delle spiagge
Centaurea cyanus,Fiordaliso vero
Centaurea nigrescens,Fiordaliso nerastro
Centaurea tommasinii,Fiordaliso di Tommasini
Centaurium erythraea,Centauro maggiore
Centaurium pulchellum,centauro elegante
Centranthus macrosiphon,Camarezza tubulosa
Centranthus ruber,Valeriana rossa
Cepaea nemoralis,Chiocciola nemorale
Cephalanthera damasonium,Cefalantera bianca
Cephalanthera longifolia,Cefalantera maggiore
Cephalanthera rubra,Cefalantera rossa
Cerambyx cerdo,Cerambice della quercia
Cerambyx scopolii,Cerambice dello Scopoli
Cerastium glomeratum,Peverina dei campi
Cerastium semidecandrum,Peverina annuale
Cerastoderma edule,Cuore edule
Cerastoderma glaucum,Cardio di laguna
Ceratophyllum demersum,Ceratofillo comune
Cercopis vulnerata,Cercopide rossonera
Cereus pedunculatus,Anemone margherita
Cerinthe minor,Erba-vajola minore
Cerithium vulgatum,Torretta comune
Cernuella cisalpina,Cernuella italiana
Cernuella neglecta,Cernuella bocca rossa
Cernuella virgata,Cernuella
Ceroplastes japonicus,ceroplaste del Giappone
Cetonia aurata,cetonia dorata
Cetonia aurata pisana,Cetonia dorata
Cettia cetti,Usignolo di fiume
Chaenorhinum minus,Linajola comune
Chalcolestes parvidens,Verdina orientale
Chalybion,Vespa muratrice blu
Chama gryphoides,Ciama
Chamaecytisus purpureus,Citiso purpureo
Chamelea gallina,Vongola lupino
Charadrius hiaticula,Corriere grosso
Cheiracanthium mildei,Ragno dal sacco giallo
Chelidonichthys lastoviza,Capone ubriaco
Chelidonichthys lucerna,Capone gallinella
Chelidonium majus,Celidonia
Chelon,Cefalo
Chelon auratus,Cefalo dorato
Chelon labrosus,Cefalo bosega
Chelon ramada,Cefalo calamita
Chelonia mydas,Tartaruga verde
Chelonibia testudinaria,Balano delle tartarughe
Chenopodiastrum murale,farinello dei muri
Chenopodium album,Farinello comune
Chiasmia clathrata,Geometra scacchiera
Chlidonias hybrida,Mignattino piombato
Chlidonias leucopterus,Mignattino alibianche
Chlidonias niger,Mignattino comune
Chloris chloris,Verdone comune
Chloromyia formosa,Cloromia magnifica
Chorthippus,Cortippo
Chorthippus brunneus,Cortippo bruno
Chroicocephalus genei,Gabbiano roseo
Chroicocephalus ridibundus,Gabbiano comune
Chroicocephalus ridibundus × Ichthyaetus melanocephalus,Ibrido gabbiano comune corallino
Chromis chromis,castagnola mediterranea
Chrysaora hysoscella,Medusa bruna
Chrysodeixis chalcites,Falena del pomodoro
Chrysolina americana,Crisomelide rosso verde
Chrysomela populi,Crisomela del Pioppo
Chrysopogon gryllus,Trebbia maggiore
Chrysotoxum cautum,Mosca vespa comune
Chthamalus montagui,Balano stellato di Montagu
Cicada orni,Cicala del frassino
Cicadella viridis,cicalina verde
Cichorium intybus,Cicoria comune
Cimex lectularius,Cimice dei letti
Circaetus gallicus,Biancone
Circus aeruginosus,Falco di palude
Circus aeruginosus aeruginosus,Falco di Palude
Circus cyaneus,Albanella reale
Circus pygargus,Albanella minore
Cirsium arvense,Cardo campestre
Cirsium vulgare,cardo asinino
Cisticola juncidis,Beccamoschino
Cistus creticus,Cisto di Creta
Citrullus lanatus,Cocomero
Cladium mariscus,Falasco
Cladocora caespitosa,Madrepora a cuscino
Clanga clanga,Aquila anatraia maggiore
Clangula hyemalis,Moretta codona
Clathrus ruber,cuore di strega
Clematis flammula,Clematide flammola
Clematis recta,Clematide eretta
Clematis vitalba,Clematide vitalba
Clematis viticella,Clematide paonazza
Clerodendrum bungei,Clerodendro di Bunge
Clibanarius erythropus,Paguro zamperosse
Clinopodium nepeta,Mentuccia comune
Clinopodium vulgare,Clinopodio dei boschi
Cliona celata,Cliona gialla
Cloeon dipterum,Effimera ovovivipara
Clogmia albipunctata,Mosca dello scarico
Cobitis bilineata,Cobite padano
Coccinella septempunctata,coccinella comune
Coccinella undecimpunctata,Coccinella a undici punti
Coccothraustes coccothraustes,Frosone
Codium fragile,Candelabro verde
Coenagrion puella,Azzurrina comune
Coenonympha pamphilus,Ninfa minore
Colchicum autumnale,Colchico d'autunno
Colias croceus,Crocea
Coloeus monedula,Taccola
Colpa sexmaculata,Scolia a sei macchie
Columba livia,Piccione
Columba livia domestica,Colombo domestico
Columba oenas,Colombella
Columba palumbus,Colombaccio
Columba palumbus palumbus,colombaccio
Commelina communis,Erba miseria asiatica
Conger conger,Grongo
Conus ventricosus,Cono mediterraneo
Convolvulus arvensis,vilucchio comune
Coprinopsis atramentaria,Fungo cappello d'inchiostro
Coprinus comatus,Fungo dell'inchiostro
Coracias garrulus,Ghiandaia marina
Corbicula fluminea,Vongola d'oro asiatica
Cordulia aenea,Smeralda bronzea
Coreus marginatus,Coreide marginato
Coriandrum sativum,coriandolo
Cornu aspersum,Chiocciola zigrinata
Cornus mas,Corniolo
Cornus sanguinea,Corniolo sanguinello
Coronella austriaca,Colubro liscio
Corvus corax,Corvo imperiale
Corvus cornix,Cornacchia grigia
Corvus cornix × corone,Cornacchia grigia x Cornacchia nera
Corvus corone,Cornacchia nera
Corylus avellana,Nocciolo
Coryphoblennius galerita,Bavosa galletto
Corystes cassivelaunus,Granchio mascherato
Corythucha arcuata,Tingide americano della quercia
Corythucha ciliata,Tingide del platano
Cossus cossus,Rodilegno rosso
Cotinus coggygria,Sommacco selvatico
Cotoneaster hjelmqvistii,Cotognastro di Hjelmqvist
Cotylorhiza tuberculata,Cassiopea Mediterranea
Crangon crangon,Gambero grigio
Crataegus monogyna,Biancospino comune
Cratena peregrina,Cratena mediterranea
Crematogaster schmidti,Formica di Schmidt
Crematogaster scutellaris,Formica testa rossa
Crepis foetida,Radicchiella selvatica
Crepis vesicaria,Radicchiella vescicosa
Crithmum maritimum,Finocchio marino
Crocidura gueldenstaedtii,Crocidura di Güldenstädt
Crocothemis erythraea,Frecciarossa
Cruciata laevipes,Crocettona comune
Ctenolepisma lineatum,Pesciolino d'argento
Ctenolepisma longicaudatum,Pesciolino d'argento delle case
Cuculus canorus,Cuculo
Culex,Zanzara comune
Culex quinquefasciatus,Zanzara a cinque fasce
Curruca cantillans,Sterpazzolina comune
Curruca cantillans albistriata,Sterpazzolina subalpina
Curruca communis,Sterpazzola
Curruca curruca,Bigiarella
Curruca melanocephala,Occhiocotto
Cuscuta campestris,Cuscuta dei campi
Cyanistes caeruleus,Cinciarella
Cyclamen purpurascens,Ciclamino delle Alpi
Cyclocybe cylindracea,Pioppino
Cydalima perspectalis,Piralide del bosso
Cygnus atratus,Cigno nero
Cygnus columbianus,Cigno minore
Cygnus olor,Cigno reale
Cymbalaria muralis,Ciombolino comune
Cymodocea nodosa,Cimodocea
Cynodon dactylon,Gramigna rossa
Cyperus capitatus,zigolo delle spiagge
Cyperus esculentus,Zigolo dolce
Cyperus fuscus,zigolo nero
Cyperus glomeratus,zigolo ferrugineo
Cyprinus carpio,Carpa
Cyprinus rubrofuscus,Carpa Koi
Cyrtophora citricola,Ragno tela a tenda tropicale
Dactylis glomerata,Erba mazzolina
Daktulosphaira vitifoliae,fillossera della vite
Dama dama,Daino
Danaus chrysippus,Monarca africano
Daphnis nerii,Sfinge dell'oleandro
Datura stramonium,Stramonio
Datura wrightii,Stramonio di Wright
Daucus carota,carota
Daucus carota carota,Carota selvatica
Decticus albifrons,Cavalletta a fronte bianca
Deilephila elpenor,Sfinge della vite
Delichon urbicum,Balestruccio
Dendrocopos major,Picchio rosso maggiore
Dendrodoris limbata,Dendrodoride orlato
Deraeocoris flavilinea,Miride inanellato europeo
Derilambrus angulifrons,Granchio partenope
Deroceras reticulatum,Limaccia grigia reticolata
Diabrotica virgifera,Diabrotica del mais
Diadumene lineata,Diadumene striato
Dianthus carthusianorum,Garofano dei Certosini
Dicentrarchus labrax,Branzino
Dictyophara europaea,cicaletta nasuta
Dictyopteris polypodioides,Alga profumata
Dictyota dichotoma,Nastro a forcelle
Didemnum maculosum,Didemno variabile
Digitaria sanguinalis,Sanguinella comune
Diodora graeca,Patella bucata greca
Diodora italica,Patella bucata
Diogenes,Paguri pugili
Diogenes armatus,Paguro pugile armato
Diogenes pugilator,Paguro pugile
Dioscorea communis,Tamaro
Diplodus annularis,Sarago sparaglione
Diplodus sargus,Sarago maggiore
Diplodus vulgaris,Sarago fasciato
Diplolepis rosae,Cinipide della rosa
Diplotaxis tenuifolia,Ruchetta selvatica
Dipsacus fullonum,Cardo dei lanaioli
Dipsacus laciniatus,Scardaccione sfrangiato
Distoleon tetragrammicus,Formicaleone tetramaculato
Dittrichia viscosa,Enula vischiosa
Dolycoris baccarum,Cimice delle bacche
Donax semistriatus,Arsella striata
Donax trunculus,Arsella
Draba verna,draba primaverile
Dromia personata,Granchio facchino
Dryocopus martius,Picchio nero
Dysgonia algira,Passeggero
Dyspanopeus sayi,Granchio di Say
Dyspessa ulula,Cosside dell'aglio
Dysphania atriplicifolia,Cicloloma comune
Ebrechtella tricuspidata,Ragno granchio
Echiichthys vipera,Tracina vipera
Echinocardium,Riccio cuore
Echinocardium cordatum,riccio cuore
Echinocardium mediterraneum,riccio cuore mediterraneo
Echinochloa crus-galli,Giavone comune
Echinophora spinosa,Finocchio litorale spinoso
Echium vulgare,viperina azzurra
Echium vulgare vulgare,Viperina azzurra
Edmundsella pedata,Flabellina pedata
Egretta garzetta,Garzetta
Egretta garzetta garzetta,Garzetta
Elaeagnus angustifolia,Olivagno di Boemia
Elaeagnus pungens,Olivagno pungente
Elaeagnus umbellata,olivagno umbellato
Eledone moschata,Moscardino
Eleusine indica,Gramigna indiana
Ellisolandia elongata,Corallina comune
Emberiza calandra,Strillozzo
Emberiza cirlus,Zigolo nero
Emberiza pusilla,Zigolo minore
Emberiza schoeniclus,Migliarino di palude
Emmelina monodactyla,Falena T
Emys orbicularis,Testuggine palustre europea
Ensis minor,Cannolicchio violaceo
Eobania vermiculata,Chiocciola fasciata mediterranea
Epilobium hirsutum,Garofanino d’acqua
Epipactis atrorubens,Elleborina violacea
Epipactis muelleri,Elleborine di Mueller
Epipactis palustris,Mughetti pendolini
Epizoanthus arenaceus,Margherita di mare chiara
Equisetum arvense,Coda cavallina
Equisetum palustre,Equiseto palustre
Equisetum ramosissimum,equiseto ramosissimo
Equisetum telmateia,equiseto massimo
Equus caballus,Cavallo domestico
Erica carnea,Erica carnicina
Erigeron annuus,Cespica annua
Erigeron bonariensis,saeppola di Buenos Aires
Erigeron canadensis,Saeppola canadese
Erigeron sumatrensis,Saeppola di Naudin
Erinaceus europaeus,Riccio comune
Eriobotrya japonica,Nespolo del Giappone
Eriphia verrucosa,Granchio favollo
Eristalinus aeneus,Eristalo di laguna
Eristalinus taeniops,Mosca tigre
Eristalis tenax,Eristalo tenace
Erithacus rubecula,Pettirosso
Erodium cicutarium,Cicutaria
Eryngium amethystinum,Calcatreppola ametistina
Eryngium maritimum,Calcatrèppola marina
Erynnis tages,Tagete
Erythromma lindenii,Azzurrina dubbia
Erythromma viridulum,Occhirossi minore
Esox cisalpinus,Luccio cisalpino
Esox lucius,Luccio nordico
Ethusa mascarone,Granchio mascarone
Euchorthippus declivus,Cortippo paglierino
Euclidia glyphica,Euclidia portaglifo
Eumodicogryllus bordigalensis,Grillo di Bordeaux
Euonymus europaeus,Fusaggine
Eupatorium cannabinum,Canapa acquatica
Eupholidoptera schmidti,Grillo dei cespugli di Schmidt
Euphorbia cyparissias,Euforbia cipressina
Euphorbia helioscopia,Euforbia calenzuola
Euphorbia lathyris,Euforbia catapuzia
Euphorbia maculata,euforbia macchiata
Euphorbia nutans,Euforbia delle ferrovie
Euphorbia palustris,Euforbia palustre
Euphorbia paralias,Euforbia marittima
Euphorbia peplis,Euforbia delle spiagge
Euphorbia peplus,euforbia minore
Euphorbia platyphyllos,Euforbia rognosa
Euphorbia prostrata,Euforbia prostrata
Euphorbia verrucosa,Euforbia verrucosa
Euplagia quadripunctaria,Falena dell'edera
Eurydema ornata,Cimice ornata
Euscorpius,Scorpioni europei
Evarcha jucunda,Salticide bianconero mediterraneo
Evernia prunastri,muschio quercino
Facelina vicina,Facelina vicino
Falco columbarius,Smeriglio
Falco eleonorae,Falco della regina
Falco naumanni,Grillaio
Falco peregrinus,Falco pellegrino
Falco subbuteo,Lodolaio
Falco tinnunculus,Gheppio
Falco tinnunculus tinnunculus,Gheppio europeo
Falco vespertinus,Falco cuculo
Felimare picta,Doride dipinto
Felimare tricolor,Doride tricolore
Felimare villafranca,Doride di villafranca
Felimida krohni,Cromodoride di Krohn
Felimida luteorosea,Cromodoride a pois gialli
Felis catus,Gatto domestico
Ficaria verna,ranuncolo favagello
Ficedula hypoleuca,Balia nera
Ficus carica,Fico
Filipendula vulgaris,Olmaria peperina
Flabellina affinis,Flabellina lilla
Flammulina,Funghi dell'olmo
Flavoparmelia caperata,Lichene verde delle cortecce
Flexopecten glaber,Pettine glabro
Foeniculum vulgare,finocchio
Forficula auricularia,Forbice
Forficula auricularia,Forbicina
Fragaria vesca,Fragolina di bosco
Frangula alnus,frangola
Fraxinus angustifolia,frassino a foglie strette
Fraxinus ornus,Orniello
Fringilla coelebs,Fringuello
Fringilla montifringilla,Peppola
Fucus virsoides,Quercia marina
Fulica atra,Folaga eurasiatica
Fumana procumbens,Fumana comune
Fumaria capreolata,Fumaria bianca
Fumaria officinalis,Erba fumaria
Galatella linosyris,Astro spillo d'oro
Galathea strigosa,Galatea rossa
Galega officinalis,capraggine comune
Galeodea echinophora,Elmetto tubercolato
Galerida cristata,Cappellaccia
Galeruca tanaceti,Galeruca nera
Galinsoga quadriradiata,Galinsoga ispida
Galium aparine,attaccamani
Galium mollugo,Caglio tirolese
Galium murale,Caglio dei muri
Galium verum,Caglio zolfino
Galleria mellonella,Tarma maggiore della cera
Gallinago gallinago,Beccaccino
Gallinula chloropus,Gallinella d'acqua
Gallus gallus domesticus,Pollo
Gambusia holbrooki,Gambusia orientale
Garrulus glandarius,Ghiandaia
Gastrana fragilis,Tellina fragile
Gastropacha quercifolia,Bombice foglia di quercia
Gavia arctica,Strolaga mezzana
Gavia immer,Strolaga maggiore
Gavia stellata,Strolaga minore
Gelochelidon nilotica,Sterna zampenere
Genista germanica,Ginestra spinosa
Genista tinctoria,Ginestra minore
Gentiana pneumonanthe,Genziana mettimborsa
Geranium columbinum,geranio colombino
Geranium dissectum,Geranio a foglie sette
Geranium molle,Geranio molle
Geranium nodosum,Geranio nodoso
Geranium purpureum,Geranio purpureo
Geranium robertianum,Geranio di San Roberto
Geranium rotundifolium,Geranio malvaccino
Geronticus eremita,Ibis eremita
Geum urbanum,Erba benedetta
Gibbula magus,Trottola
Gladiolus palustris,Gladiolo reticolato
Glareola pratincola,Pernice di mare
Glaucium flavum,Papavero cornuto
Glechoma hederacea,Edera terrestre
Gleditsia triacanthos,Spino di Giuda
Globularia bisnagarica,Vedovella dei prati
Glycymeris,Piedi d'asino
Glycymeris nummaria,Piede d'asino viola
Glycymeris pilosa,Piede d'asino
Gobius cobitis,ghiozzo testone
Gobius cruentatus,Ghiozzo boccarossa
Gobius niger,Ghiozzo nero
Gobius ophiocephalus,Ghiozzo gò
Gobius paganellus,Ghiozzo paganello
Gomphus vulgatissimus,Gonfo comune
Gonepteryx rhamni,Cedronella
Gongolaria barbata,Cistoseira barbata
Gonioctena fornicata,Scarabeo dagli otto punti
Gonocerus acuteangulatus,Cimice del nocciolo
Graphosoma italicum italicum,Cimice delle piante
Graptemys ouachitensis,Testuggine carta geografica meridionale
Gratiola officinalis,Graziola
Grus grus,Gru
Gryllomorpha dalmatina,Grillo delle cantine
Gryllotalpa gryllotalpa,Grillotalpa
Gryllotalpa stepposa,Grillotalpa delle steppe
Gryllus bimaculatus,Grillo bimaculato
Gryllus campestris,Grillo campestre
Gulosus aristotelis,Marangone dal ciuffo
Gymnadenia conopsea,Manina rosea
Gymnoscelis rufifasciata,Misurino dei fiori
Haematopus ostralegus,Beccaccia di mare
Haliaeetus albicilla,Aquila di mare
Halichondria panicea,Alicondria di laguna
Haliclona cinerea,Aliclona cenerina
Halictus scabiosae,Ape della Scabiosa
Haliotis tuberculata,Abalone europeo
Halyomorpha halys,Cimice asiatica
Harmonia axyridis,Coccinella Arlecchino
Hedera helix,edera comune
Helianthemum nummularium,Eliantemo maggiore
Helianthus tuberosus,Topinambur
Helicoverpa armigera,Elicoverpa
Heliotropium curassavicum,Eliotropio marino
Heliotropium europaeum,Eliotropio
Helix cincta,Chiocciola cinturata
Helix lucorum,Chiocciola Turca
Helix pomatia,Chiocciola borgognona
Helminthotheca echioides,Aspraggine
Hemerocallis fulva,Giglio turco
Hemerocallis lilioasphodelus,giglio dorato
Hemidactylus turcicus,Geco verrucoso
Hepatica nobilis,Erba trinità
Hermetia illucens,Mosca soldato
Herniaria glabra,Erniaria glabra
Heteropterus morpheus,Morfeo
Hexaplex trunculus,Murice troncato
Hibiscus trionum,ibisco vescicoso
Hieraaetus pennatus,Aquila minore
Hierodula transcaucasica,Mantide gigante transcaucasica
Hierophis viridiflavus,Biacco
Hierophis viridiflavus carbonarius,Milordo
Himantopus himantopus,Cavaliere d'Italia
Hippocampus guttulatus,Cavalluccio dal muso lungo
Hippocampus hippocampus,Cavalluccio camuso
Hippodamia variegata,Coccinella variegata
Hippolais icterina,Canapino maggiore
Hippolais polyglotta,Canapino comune
Hirundo rustica,Rondine comune
Hirundo rustica rustica,Rondine eurasiatica
Hogna radiata,Falsa tarantola
Holcus lanatus,Bambagione pubescente
Holocnemus pluchei,Ragno delle cantine
Holothuria,Oloturie
Holothuria forskali,Oloturia a punte bianche
Holothuria poli,Oloturia di Poli
Homarus gammarus,Astice europeo
Hordeum murinum,Orzo murino
Humulus lupulus,Luppolo comune
Humulus scandens,Luppolo del Giappone
Hyacinthus orientalis,giacinto comune
Hydrocoloeus minutus,Gabbianello
Hydroprogne caspia,Sterna maggiore
Hyla intermedia,Raganella italiana
Hyla intermedia perrini,Raganella del Po
Hyles euphorbiae,Sfinge dell'euforbia
Hyles livornica,Sfinge striata
Hymeniacidon perlevis,Spugna sanguigna
Hyoscyamus albus,Giusquiamo bianco
Hypericum perforatum,Iperico perforato
Hyphantria cunea,Ifantria americana
Hypnea musciformis,Ipnea
Hypnum,Muschio tappeto
Hypnum cupressiforme,Muschio tappeto
Hypochaeris radicata,Costolina giuncolina
Icerya purchasi,Cocciniglia cotonosa degli agrumi
Ichthyaetus melanocephalus,Gabbiano corallino
Icius hamatus,Salticide uncinato
Ictalurus punctatus,Pesce gatto punteggiato
Idaea aversata,Falena nastro
Idaea dimidiata,Falena onda a punto singolo
Idotea balthica,Isopode delle fanerogame
Ilia nucleus,Granchio testa di morto
Inachus phalangium,Granchio ragno di Leach
Iphiclides podalirius,Podalirio
Ipomoea purpurea,Campanella turchina
Iris foetidissima,Giaggiolo puzzolente
Iris orientalis,Giaggiolo orientale
Iris pseudacorus,Giaggiolo acquatico
Ischnura elegans,Codazzurra comune
Ischnura pumilio,Codazzurra minore
Issoria lathonia,Latonia
Ixodes ricinus,zecca dei boschi
Jacobaea maritima,senecione marino
Janua heterostropha,Spirorbide
Jasminum nudiflorum,Gelsomino di San Giuseppe
Juglans nigra,Noce nero
Juglans regia,Noce bianco
Juncus acutus,Giunco spinoso
Juncus articulatus,Giunco nodoso
Juncus bufonius,Giunco dei rospi
Juncus effusus,Giunco comune
Juncus inflexus,Giunco ricurvo
Juncus maritimus,giunco marittimo
Juniperus communis,ginepro comune
Jynx torquilla,Torcicollo
Kickxia elatine,Cencio minore
Kirchenpaueria halecioides,Idroide alecioide
Labidura riparia,Forbicina delle rive
Laburnum anagyroides,Maggiociondolo
Lacerta bilineata,Ramarro occidentale
Lachnaia italica,Crisomelide italiano
Lactuca serriola,lattuga selvatica
Laetiporus sulphureus,Gallina dei boschi
Laevicardium oblongum,Cardio ovale
Lagurus ovatus,Piumino
Lamium album,Lamio bianco
Lamium amplexicaule,Falsa ortica reniforme
Lamium maculatum,Falsa ortica macchiata
Lamium orvala,Falsa ortica maggiore
Lamium purpureum,Falsa-Ortica purpurea
Lampides boeticus,Licenide del pisello
Lampyris noctiluca,Lucciola
Lanius collurio,Avèrla piccola
Lanius excubitor,Averla maggiore
Lanius minor,Averla cenerina
Lapsana communis,Lassana comune
Larinioides sclopetarius,Ragno ponte
Larus,Gabbiani reali
Larus argentatus,Gabbiano reale nordico
Larus cachinnans,Gabbiano reale pontico
Larus canus,Gavina
Larus delawarensis,gavina americana
Larus fuscus,Zafferano
Larus michahellis,Gabbiano reale mediterraneo
Larus michahellis michahellis,gabbiano reale mediterraneo
Lasiocampa quercus,Bombice della quercia
Lasiommata megera,Megera
Lasius,Formica nera
Lasius emarginatus,Formica bicolore
Lathraea squamaria,Latrea comune
Lathyrus pratensis,cicerchia dei prati
Lathyrus tuberosus,Cicerchia tuberosa
Lathyrus vernus,Cicerchia primaticcia
Laurus nobilis,Alloro
Legousia speculum-veneris,Specchio di Venere
Lemna minor,Lenticchia d'acqua comune
Lepas anatifera,Lepade liscia
Lepas indica,Lepade indo-pacifica
Lepidium didymum,Lappolina didima
Lepidium draba,Lattona
Lepidium graminifolium,Lepidio graminifoglio
Lepidochitona caprearum,Chitone di Scacchi
Lepomis gibbosus,Persico sole
Leptinotarsa decemlineata,Dorifora della patata
Leptoglossus occidentalis,Cimice dei pini
Leptotes pirithous,Licenide zebra
Lepus europaeus,Lepre comune
Lepyrus capucinus,Lepiro cappuccino
Lestes barbarus,Verdina barbara
Leucanthemum vulgare,Margherita comune
Leucoagaricus leucothites,Mazza di tamburo liscia
Leucojum aestivum,Campanellino estivo
Leucojum vernum,Campanellino di primavera
Leucophytia bidentata,Chiocciola di laguna bidentata
Libellula fulva,Libellula frontenera
Lichia amia,Leccia
Ligia italica,Pulce di mare italica
Ligustrum lucidum,Ligustro lucido
Ligustrum vulgare,Ligustro comune
Lilioceris lilii,Criocera del giglio
Lima lima,Lima spinosa
Limacus flavus,limaccia gialla
Limax,Limacce
Limax maximus,Grande limaccia grigia
Limbarda crithmoides,Enula bacicci
Limbarda crithmoides longifolia,Enula longifolia
Limodorum abortivum,Fior di legna
Limonium narbonense,limonio comune
Limonium virgatum,Limonio virgato
Limosa lapponica,Pittima minore
Limosa limosa,Pittima reale
Linaria cannabina,Fanello
Linaria vulgaris,Linajola comune
Linum bienne,Lino selvatico
Linum maritimum,lino marittimo
Linum tenuifolium,lino montano
Lissotriton vulgaris meridionalis,Tritone punteggiato italiano
Lithobius,Centopiedi marrone
Lithognathus mormyrus,Mormora
Lithosia quadra,Litosia quadra
Lobularia maritima,Filigrana comune
Locusta migratoria,Locusta
Loligo vulgaris,Calamaro comune
Lolium perenne,Loglio comune
Lomelosia argentea,Vedovina delle spiagge
Lonicera caprifolium,Caprifoglio comune
Lonicera etrusca,caprifoglio etrusco
Lonicera japonica,Caprifoglio giapponese
Lophius piscatorius,Rana pescatrice europea
Lophura nycthemera,Fagiano argentato
Lotus corniculatus,ginestrino
Lotus herbaceus,Trifoglino erbaceo
Lotus maritimus,Ginestrino marittimo
Lotus tenuis,Ginestrino glabro
Loxosceles rufescens,Ragno violino mediterraneo
Ludwigia hexapetala,porracchia esapetala
Ludwigia peploides,Porracchia peploide
Lumbricus terrestris,lombrico comune
Lunaria annua,Monete del Papa
Luscinia megarhynchos,Usignolo
Luscinia svecica,Pettazzurro
Lycaena dispar,Licena delle paludi
Lycaena phlaeas,Argo bronzeo
Lycogala epidendrum,Latte di lupo
Lycopus europaeus,piede di lupo
Lygaeus creticus,Coleottero delle Asclepias
Lygaeus equestris,Cimice di terra
Lymantria dispar,bombice dispari
Lysimachia arvensis,Centonchio
Lysimachia nummularia,Mazza d’oro minore
Lysimachia vulgaris,Mazza d'oro comune
Lythrum salicaria,salcerella
Machimus,Mosca ladrone
Maclura pomifera,Arancio degli Osagi
Macroglossum stellatarum,Sfinge colibrì
Macrothylacia rubi,Falena volpe
Mactra corallina,Madia bianca mediterranea
Mactra stultorum,Madia bianca atlantica
Magallana gigas,Ostrica Giapponese
Maja crispata,Granceola piccola
Maja squinado,Granceola mediterranea
Malacosoma,Falena tenda
Malva sylvestris,Malva selvatica
Mangora acalypha,Ragno mazza da Cricket
Maniola jurtina,Giurtina
Mantis religiosa,Mantide religiosa
Mareca penelope,Fischione
Mareca strepera,Canapiglia
Marionia blainvillea,Marionia
Marrubium vulgare,Marrubio
Martes foina,Faina
Matricaria chamomilla,Camomilla comune
Mauremys sinensis,Testuggine cinese dal collo striato
Medicago arabica,Erba medica araba
Medicago littoralis,Erba medica litorale
Medicago lupulina,Erba medica lupulina
Medicago marina,Erba medica delle spiagge
Medicago minima,Erba medica minima
Medicago polymorpha,Erba medica polimorfa
Medicago sativa,erba medica
Megachile sculpturalis,Megachile asiatico
Megascolia maculata,Vespa mammut
Megascolia maculata flavifrons,Vespa mammut
Melanogryllus desertus,Grillo nero del deserto
Melarhaphe neritoides,Littorina scura
Meles meles,Tasso Europeo
Melilotus albus,trifoglio di Bokhara
Melitaea didyma,Didima
Melitaea phoebe,Farfalla di Fiordaliso
Melolontha melolontha,Maggiolino
Menemerus semilimbatus,Salticide muraiolo comune
Menemerus taeniatus,Salticide muraiolo mediterraneo
Mentha aquatica,Menta d'acqua
Mentha longifolia,Menta selvatica
Mentha spicata,menta romana
Mentha suaveolens,Menta a foglie tonde
Mercurialis annua,Mercorella comune
Mergellus albellus,Pesciaiola
Mergus merganser,Smergo maggiore
Mergus serrator,Smergo minore
Merops apiaster,Gruccione
Metcalfa pruinosa,Metcalfa
Microcarbo pygmaeus,Marangone minore
Microlipophrys adriaticus,Bavosa adriatica
Microlipophrys canevae,Bavosa guance gialle
Microlipophrys dalmatinus,Bavosa dalmatina
Micrommata virescens,Ragno verde dei campi
Micropterus nigricans,Persico trota
Milvus migrans,Nibbio bruno
Milvus milvus,Nibbio reale
Mimachlamys varia,Pettine vario
Mimas tiliae,Sfinge del tiglio
Minois dryas,Driade
Mirabilis jalapa,Bella di notte
Mnemiopsis leidyi,ctenoforo di leidy
Modiolus barbatus,Mitilo peloso
Monacha cantiana,Chiocciola monaca
Monacha cartusiana,Monaca certosina
Monochirus hispidus,Sogliola pelosa
Monodaeus couchii,Granchio di Couch
Monotropa hypopitys,Monotropa pelosetta
Morus alba,Gelso bianco
Motacilla alba,Ballerina bianca
Motacilla flava,Cutrettola
Mugil cephalus,Cefalo comune
Mullus barbatus,Triglia di fango
Mullus surmuletus,Triglia
Mummenhoffia alliacea,Erba storna alliacea
Musa basjoo,Banano giapponese
Musca domestica,Mosca comune
Muscari comosum,Lampagione
Muscari neglectum,Muscari ignorato
Muscicapa striata,Pigliamosche comune
Mustela nivalis,Donnola
Mustelus mustelus,Palombo liscio
Mutarda arvensis,Senape selvatica
Myagrum perfoliatum,Miagro liscio
Myathropa florea,Sirfide Batman
Myliobatis aquila,Aquila di mare
Myocastor coypus,Nutria
Myosotella myosotis,Chiocciola di laguna giallo-bruna
Myosotis arvensis,Non ti scordar di me minore
Myosotis ramosissima,nontiscordardimè ramosissimo
Myosotis scorpioides,nontiscordardimè delle paludi
Myriophyllum aquaticum,Millefoglio americano
Myrmeleon formicarius,Formicaleone comune
Myrmeleon inconspicuus,Formicaleone di Rambur
Mytilus galloprovincialis,Mitilo Mediterraneo
Narcissus pseudonarcissus,Narciso trombone
Nasturtium officinale,Crescione d'acqua
Naticarius hebraeus,Naticaria ebrea
Naticarius stercusmuscarum,Naticaria punteggiata
Natrix,Natrici
Natrix helvetica,Natrice dal Collare Barrata
Natrix natrix,Natrice dal collare eurasiatica
Natrix tessellata,Natrice tassellata
Neoscona subfusca,Ragno peloso dei campi
Neotinea ustulata,Orchide bruciacchiata
Nepeta cataria,Gattaia comune
Nephrops norvegicus,Scampo
Nerium oleander,oleandro
Netta rufina,Fistione turco
Neverita josephinia,Natica di Joséphine
Nezara viridula,Cimice verde
Nigella damascena,Fanciullaccia
Noctua comes,Nottua della vite
Noctua pronuba,Nottua sottoala giallo
Nomisia,Nomisia
Nostoc commune,Gelatina di terra
Notodonta tritophus,Notodonta a tre gobbe
Nuctenea umbratica,Ragno delle fessure
Numenius arquata,chiurlo maggiore
Numenius phaeopus,Chiurlo piccolo
Nuphar lutea,Ninfea gialla
Nyctalus noctula,nottola comune
Nycticorax nycticorax,Nitticora
Nymphaea alba,Ninfea comune
Nymphon gracile,Ragno di mare gracile
Oblada melanurus,Occhiata
Ocenebra erinaceus,Murice riccio
Ochlodes sylvanus,Silvano
Ocnus planci,Oloturia frondosa
Octopus vulgaris,polpo comune
Ocypus olens,Cocchiere del diavolo
Oecanthus pellucens,Grillo arboricolo italiano
Oecobius maculatus,Ragno maculato delle fessure
Oedipoda caerulescens,Edipoda cerulea
Oenanthe oenanthe,Culbianco
Oenothera biennis,Enagra comune
Oenothera glazioviana,Enotera di Glaziou
Oenothera speciosa,Enagra bella
Ommatoiulus sabulosus,Millepiedi a strisce
Ononis spinosa,Arrestabue
Onychogomphus forcipatus,Gonfo forcipato
Operophtera brumata,Falena invernale
Ophioderma longicaudum,Stella serpentina liscia
Ophiogomphus cecilia,Gonfo serpentino
Ophiothrix fragilis,Ofiura fragile
Ophiura ophiura,Ofiura comune
Ophrys apifera,vesparia
Ophrys sphegodes,Ofride verde-bruna
Opilio canestrinii,Opilione di Canestrini
Orchis purpurea,Orchide maggiore
Oriolus oriolus,Rigogolo
Ornithogalum,Ornitogalo
Ornithogalum divergens,Latte di gallina divergente
Orobanche hederae,Succiamele dell’edera
Orsinigobius punctatissimus,Panzarolo
Orthetrum albistylum,Frecciazzurra puntabianca
Orthetrum brunneum,Frecciazzurra celeste
Orthetrum cancellatum,Frecciazzurra puntanera
Orthetrum coerulescens,Frecciazzurra minore
Oryctes nasicornis,Scarabeo rinoceronte
Oryctolagus cuniculus,Coniglio selvatico europeo
Osmia cornuta,Ape cornuta
Ostrea edulis,Ostrica piatta
Ostrinia nubilalis,Piralide del mais
Ostrya carpinifolia,Carpino nero
Osyris alba,Ginestrella comune
Otiorhynchus cribricollis,Oziorinco dell'olivo
Otus scops,Assiolo
Otus scops scops,Assiolo
Oxalis articulata,Acetosella rizomatosa
Oxalis corniculata,Acetosella dei campi
Oxalis dillenii,acetosella di Dillenius
Oxalis latifolia,Acetosella a coda di pesce
Oxalis pes-caprae,Acetosella gialla
Oxalis stricta,Acetosella minore
Oxycarenus lavaterae,Cimice della Lavatera
Oxychilus draparnaudi,Chiocciola di vetro di Draparnaud
Oxyloma elegans,Chiocciola ambrata elegante
Oxythyrea funesta,Cetoniella
Pachygrapsus marmoratus,Granchio Corridore
Pachyiulus varius,Julo vario
Palaemon elegans,Gamberetto di porto
Palaemon serratus,Gamberetto maggiore
Paliurus spina-christi,Marruca
Palomena prasina,Cimice verde
Palpita vitrealis,Piralide verde dell'olivo e del gelsomino
Pancratium maritimum,Pancrazio
Pandion haliaetus,Falco pescatore
Panicum capillare,Panico capillare
Panorpa communis,Mosca scorpione comune
Panurus biarmicus,Basettino
Papaver rhoeas,Papavero
Papilio machaon,Macaone
Papillifera papillaris,Chiocciola papillare italiana
Parablennius gattorugine,Bavosa ruggine
Parablennius incognitus,Bavosa mediterranea
Parablennius rouxi,Bavosa bianca
Parablennius sanguinolentus,Bavosa sanguigna
Parablennius tentacularis,Bavosa cornuta
Parablennius zvonimiri,Bavosa cervina
Paracentrotus lividus,Riccio femmina
Paradoris indecora,Paradoride
Paraflabellina ischitana,Flabellina d'Ischia
Paranemonia cinerea,Anemone cenere
Pararge aegeria,Egeria
Parasteatoda tepidariorum,Ragno domestico americano
Pardosa,Pardosa
Parectopa robiniella,Minatore della robinia
Parentucellia latifolia,Perlina rossiccia
Parietaria judaica,Vetriola minore
Parietaria officinalis,Erba vetriola
Parthenocissus quinquefolia,Vite americana
Parus major,Cinciallegra
Passer,Passeri
Passer domesticus,Passera europea
Passer italiae,Passera d'Italia
Passer montanus,Passera mattugia
Pastinaca sativa,Pastinaca comune
Pastor roseus,Storno roseo
Patella caerulea,patella comune
Paulownia tomentosa,Paulonia
Pavo cristatus,Pavone
Paysandisia archon,Castnide delle palme
Pecten jacobaeus,Cappasanta mediterranea
Pediasia contaminella,Pediasia
Pediculus humanus,Pidocchio dell'uomo
Pegusa lascaris,Sogliola dal porro
Pegusa nasuta,Sogliola nasuta
Pelophylax,Rane verdi
Pelophylax lessonae,Complesso Rana di Lessona e relativi klepton
Peltodoris atromaculata,Vacchetta di mare
Penaeus kerathurus,Mazzancolla
Pentanema britannica,Enula laurentiana
Pentanema hirtum,Enula scabra
Pentanema salicinum,Enula aspra
Pentodon bidens,Scarabeo nero mediterraneo
Perca fluviatilis,Persico reale
Perdix perdix,Starna
Perforatus perforatus,Dente di cane
Peribatodes rhomboidaria,Boarmia delle gemme della vite
Periparus ater,Cincia mora
Periploca graeca,Periploca maggiore
Pernis apivorus,Falco pecchiaiolo
Peronaea planata,Tellina appiattita
Peronidia albicans,Tellina pallida
Petrorhagia saxifraga,Garofanina spaccasassi
Pezotettix giornae,Cavalletta dalle corna corte
Phacelia tanacetifolia,facelia
Phalacrocorax carbo,Cormorano comune
Phalacrocorax carbo sinensis,Cormorano eurasiatico
Phalangium opilio,Falangio di campagna
Phaneroptera nana,Fanerottera nana
Phasianus colchicus,Fagiano comune
Philaenus spumarius,Sputacchina
Philaeus chrysops,Salticide sanguigno
Philanthus triangulum,Vespa scavatrice europea
Phillyrea angustifolia,Ilatro sottile
Phillyrea latifolia,Fillirea
Philonicus albiceps,Mosca ladrone
Phleum pratense,Codolina comune
Phlogophora meticulosa,Nottua triangolo
Phoenicopterus roseus,Fenicottero rosa
Phoenicurus ochruros,Codirosso spazzacamino
Phoenicurus phoenicurus,Codirosso comune
Pholas dactylus,Dattero bianco
Pholcus phalangioides,Ragno ballerino
Phorcus articulatus,Biscacco fasciato
Phorcus turbinatus,Biscacco comune
Phragmatobia fuliginosa,Falena Tigre Rubina
Phragmites australis,Canna di palude
Phycis phycis,Musdea
Phylloscopus bonelli,Luì bianco
Phylloscopus collybita,Luì piccolo
Phylloscopus collybita tristis,Luì piccolo siberiano
Phylloscopus inornatus,Luì forestiero
Phylloscopus sibilatrix,Luì verde
Phylloscopus trochilus,Luì grosso
Physella acuta,Chiocciola sinistrorsa
Phytolacca americana,Cremesina
Pica pica,Gazza
Picris hieracioides,Aspraggine comune
Picus viridis,Picchio verde
Pieris brassicae,Cavolaia maggiore
Pieris mannii,Cavolaia di Mann
Pieris napi,Pieride del navone
Pieris rapae,Cavolaia minore
Pilumnus spinifer,Granchio peloso mediterraneo
Pinna nobilis,Nacchera
Pinus halepensis,Pino d'Aleppo
Pinus pinaster,Pino marittimo
Pinus pinea,pino domestico
Pinus sylvestris,Pino silvestre
Pipistrellus kuhlii,Pipistrello albolimbato
Pisaura mirabilis,Ragno a tela d'asilo europeo
Pistia stratiotes,Lattuga acquatica
Pittosporum tobira,Pittosporo
Planorbarius corneus,Chiocciola Corna d'Ariete
Plantago arenaria,Piantaggine ramosa
Plantago coronopus,Piantaggine barbatella
Plantago lanceolata,Piantaggine lanciuola
Plantago major,Piantaggine maggiore
Platalea leucorodia,Spatola
Platanthera bifolia,Platantera comune
Platanus × hispanica,Platano comune
Platichthys flesus,Passera di mare
Platycleis affinis,Grillastro affine
Platycnemis pennipes,Zampalarga comune
Plebejus argus,Argo
Plectrophenax nivalis,Zigolo delle nevi
Plegadis falcinellus,Mignattaio
Plodia interpunctella,Tignola fasciata del grano
Plutella xylostella,Tignola delle crucifere
Pluvialis apricaria,Piviere dorato
Pluvialis squatarola,Pivieressa
Poa annua,fienarola annuale
Poa bulbosa,Fienarola bulbosa
Poa pratensis,Fienarola dei prati
Poa trivialis,fienarola comune
Podarcis,Lucertole
Podarcis muralis,Lucertola muraiola
Podarcis siculus,Lucertola campestre
Podarcis siculus campestris,Lucertola campestre
Podiceps auritus,Svasso cornuto
Podiceps cristatus,Svasso maggiore
Podiceps nigricollis,Svasso piccolo
Polistes dominula,Vespa cartonaia europea
Polistes gallicus,Vespa cartonaia
Polistes nimpha,Vespa cartonaia ninfa
Polititapes aureus,Vongola verace dorata
Polyandrocarpa zorritensis,Poliandrocarpa
Polybius corrugatus,Granchio corrugato
Polybius vernalis,granchio di sabbia
Polycarpon tetraphyllum,Migliarina a quattro foglie
Polycitor adriaticus,Policitor adriatico
Polygala comosa,Poligala chiomata
Polygonatum multiflorum,Sigillo di Salomone maggiore
Polygonatum odoratum,Sigillo di Salomone comune
Polygonia c-album,Virgola
Polygonia egea,Vanessa egea
Polygonum aviculare,Erba curzola
Polyommatus bellargus,Bellargo
Polyommatus icarus,Icaro
Polyphylla fullo,Maggiolino dei pini
Polypogon monspeliensis,coda di lepre comune
Pomatias elegans,Chiocciola dalla bocca tonda
Pomatomus saltatrix,Pesce serra
Pomatoschistus marmoratus,Ghiozzetto marmorato
Pomatoschistus minutus,Ghiozzetto minuto
Pontia edusa,Edusa
Populus alba,Pioppo bianco
Populus nigra,Pioppo nero
Populus tremula,Pioppo tremulo
Porcellio obsoletus,Porcellino obsoleto
Portulaca oleracea,Portulaca
Portumnus latipes,Granchio zampelarghe
Porzana porzana,Voltolino
Posidonia oceanica,Posidonia mediterranea
Potamogeton nodosus,Brasca nodosa
Potentilla indica,Falsa fragola
Potentilla reptans,Cinquefoglia comune
Primula vulgaris,Primula comune
Procambarus clarkii,Gambero rosso della Louisiana
Protoparmeliopsis muralis,Lichene dei muri
Prunella modularis,Passera scopaiola
Prunella vulgaris,Brunella comune
Prunus avium,ciliegio
Prunus cerasifera,Marusticano
Prunus laurocerasus,Lauroceraso
Prunus mahaleb,Ciliegio canino
Prunus persica,Pesco
Prunus spinosa,Prugnolo
Psathyrella ammophila,Fungo di spiaggia
Pseudemys concinna,Cooter di Fiume
Pseudeuophrys vafra,Salticide nano mediterraneo
Pseudoceros maximus,Platelminta maggiore
Pseudomogoplistes squamiger,Grillo marino squamoso
Psittacula derbiana,Parrocchetto di Derby
Psyllobora vigintiduopunctata,Coccinella gialla
Pteridium aquilinum,felce aquilina
Ptyonoprogne rupestris,Rondine montana
Puccinia malvacearum,Ruggine della Malva
Puffinus yelkouan,berta minore mediterranea
Pulicaria dysenterica,Incensaria comune
Pulmonaria officinalis,Polmonaria
Pyracantha coccinea,Agazzino
Pyralis farinalis,Piralide della farina
Pyrausta despicata,Pirausta
Pyrgus malvoides,Esperia della malva
Pyrrhocoris apterus,Cimice rosso-nera
Pyura dura,Ascidia bocca rosa
Quercus ilex,Leccio
Quercus petraea,Rovere
Quercus pubescens,roverella
Quercus robur,farnia
Quercus rubra,Quercia rossa
Rabelera holostea,Centocchio garofanina
Raja asterias,Razza stellata
Raja clavata,Razza chiodata
Rallus aquaticus,Porciglione
Rana,Rane rosse
Rana dalmatina,Rana agile
Rana latastei,Rana di Lataste
Ranunculus acris,Ranuncolo comune
Ranunculus bulbosus,Ranuncolo bulboso
Ranunculus parviflorus,Ranuncolo a fiori piccoli
Ranunculus repens,Ranuncolo strisciante
Ranunculus sceleratus,Ranuncolo tossico
Rapana venosa,Rapana
Raphanus raphanistrum,ravanello selvatico
Raphanus raphanistrum sativus,Ravanello comune
Rapistrum rugosum,Rapistro rugoso
Raspailia viminalis,Raspailia
Rattus norvegicus,Surmolotto
Rattus rattus,Ratto nero
Recurvirostra avosetta,Avocetta
Regulus ignicapilla,Fiorrancino
Regulus regulus,Regolo comune
Remiz pendulinus,Pendolino europeo
Reseda alba,Reseda bianca
Reseda lutea,Reseda comune
Rhacocleis germanica,Grillo degli arbusti mediterraneo
Rhagonycha fulva,Coleottero soldato rosso
Rhamnus cathartica,spino cervino
Rhamnus saxatilis,Ramno rupestre
Rhaphigaster nebulosa,Cimice screziata grigia
Rhithropanopeus harrisii,Granchio di Harris
Rhizostoma pulmo,polmone di mare
Rhodometra sacraria,Vestale
Rhodymenia pseudopalmata,Rodimenia palmata
Rhus typhina,sommacco maggiore
Rhyssoplax olivacea,Chitone verde mediterraneo
Ricania speculum,Ricania
Riparia riparia,Topino
Rissa tridactyla,Gabbiano tridattilo
Robinia pseudoacacia,Robinia
Rorippa amphibia,Crescione anfibio
Rorippa austriaca,Crescione austriaco
Rorippa palustris,Crescione palustre
Rorippa sylvestris,Crescione radicina
Rosa canina,rosa canina
Rosalia alpina,Cerambice del faggio
Rubia peregrina,Robbia selvatica
Rubus ulmifolius,Rovo da more
Ruditapes decussatus,Vongola verace europea
Ruditapes philippinarum,Vongola verace filippina
Rumex acetosa,romice acetosa
Rumex crispus,Romice crespo
Rumex hydrolapathum,romice di palude
Rumex obtusifolius,Romice comune
Rumex pulcher,romice bello
Rumina decollata,Chiocciola decollata
Ruscus aculeatus,pungitopo
Ruscus hypoglossum,Pungitopo maggiore
Ruspolia nitidula,Conocefalo grosso
Sabella spallanzanii,spirografo
Sabulina tenuifolia,Minuartia ibrida
Sagina apetala,Sagina senza petali
Sagina procumbens,Sagina sdraiata
Sagittaria sagittifolia,Sagittaria comune
Salaria pavo,Bavosa pavone
Salicornia europaea,Salicornia europea
Salicornia perennis,Salicornia radicante
Salix alba,Salice bianco
Salix babylonica,Salice piangente
Salsola kali,Salsola erba-cali
Salticus scenicus,Ragno arlecchino
Salvia glutinosa,Salvia vischiosa
Salvia hispanica,Chia
Salvia pratensis,Salvia dei prati
Salvia verbenaca,Salvia minore
Sambucus ebulus,Sambuco ebbio
Sambucus nigra,sambuco
Samia cynthia,Bombice dell'ailanto
Samolus valerandi,Lino d'acqua
Sanguisorba minor,Salvastrella minore
Sanguisorba officinalis,Salvastrella maggiore
Saponaria officinalis,Saponaria
Sardina pilchardus,Saraca
Sargassum muticum,Sargasso giapponese
Sarpa salpa,Salpa
Saturnia pavoniella,Pavonia minore
Saturnia pyri,Saturnia del pero
Saxicola rubetra,Stiaccino
Saxicola rubicola,Saltimpalo
Saxifraga tridactylites,Sassifraga tridattila
Scabiosa triandra,Vedovina a foglie sottili
Scardinius hesperidicus,Scardola italica
Scathophaga stercoraria,Mosca stercoraria
Sceliphron caementarium,Vespa muratrice
Schizophyllum commune,Fungo del Legno Comune
Schoenoplectus lacustris,Lisca lacustre
Schoenus nigricans,giunco nero comune
Sciaena umbra,Corvina
Sciapus,Mosca zampelunghe
Scirpoides holoschoenus,Scirpo romano
Sciurus vulgaris,Scoiattolo rosso
Scolopax rusticola,Beccaccia
Scolymus hispanicus,Cardogna comune
Scophthalmus maximus,Rombo chiodato
Scorpaena notata,scorfanotto
Scorpaena porcus,Scorfano nero
Scorpaena scrofa,Scorfano rosso mediterraneo
Scrophularia nodosa,Scrofularia nodosa
Scutellaria galericulata,scutellaria palustre
Scutigera coleoptrata,Scutigera comune
Scyliorhinus duhamelii,Gattuccio di Duhamel
Scyliorhinus stellaris,Gattopardo
Scytodes thoracica,ragno sputatore
Securigera varia,Erba ginestrina
Sedum acre,Borracina acre
Sedum pallidum,Borracina pallida
Sedum palmeri,Borracina di Palmer
Sedum sarmentosum,Borracina sarmentosa
Sedum sexangulare,Borracina insipida
Segestria florentina,Segestria zanne verdi
Selysiothemis nigra,Freccianera
Senecio inaequidens,Senecione sudafricano
Senecio vulgaris,Senecione comune
Sepia officinalis,seppia comune
Sepiola rondeletii,Seppiola mediterranea
Serinus canaria domesticus,Canarino domestico
Serinus serinus,Verzellino
Seriola dumerili,Ricciola
Serranus hepatus,Sciarrano sacchetto
Serranus scriba,Sciarrano
Setaria pumila,Pabbio rossastro
Setaria verticillata,Pabbio verticillato
Setaria viridis,Pabbio comune
Sherardia arvensis,Toccamano
Sicyos angulatus,Zucca spinosa
Silene coronaria,Crotonella coronaria
Silene flos-cuculi,crotonella fior di cuculo
Silene latifolia,Silene bianca
Silene otites,Silene otite
Silene vulgaris,Silene comune
Silurus glanis,Siluro d'Europa
Silybum marianum,cardo mariano
Sinanodonta woodiana,Anodonta cinese
Sitta europaea,Picchio muratore
Smilax aspera,Stracciabraghe
Solanum chenopodioides,Morella falso chenopodio
Solanum dulcamara,dulcamara
Solanum lycopersicum,Pomodoro
Solanum nigrum,morella comune
Solanum pseudocapsicum,ciliegia di Gerusalemme
Solanum villosum,morella rossa
Solea solea,Sogliola comune
Solecurtus strigilatus,Lattaro
Soleirolia soleirolii,Vetriola di Soleirol
Solen marginatus,Cannolicchio
Solidago canadensis,Verga d’oro del Canada
Somateria mollissima,Edredone
Sonchus asper,Grespino spinoso
Sonchus oleraceus,Grespino comune
Sorghum halepense,Sorgo selvatico
Sparganium erectum,Coltellaccio maggiore
Spartium junceum,Ginestra odorosa
Sparus aurata,orata
Spatula clypeata,Mestolone
Spatula querquedula,Marzaiola
Sphaerechinus granularis,Riccio di prateria
Sphaerophoria scripta,Sirfide lungo
Sphex funerarius,Vespa scavatrice dorata
Spicara smaris,Zerro
Spilostethus pandurus,Ligia militare
Spinus spinus,Lucherino
Spiranthes spiralis,Treccia di dama
Spirorbinae,Spirorbidi
Spisula subtruncata,Spisola
Spoladea recurvalis,Falena della barbabietola
Spondyliosoma cantharus,Tanuta
Squalius squalus,Cavedano
Squilla mantis,Canocchia
Stachys palustris,Stregona palustre
Stachys recta,Stregona gialla
Stachys sylvatica,Stregona dei boschi
Steatoda grossa,Ragno domestico grosso
Steatoda nobilis,Falsa vedova
Steatoda triangulosa,Ragno domestico dai triangoli
Stellaria media,Centocchio comune
Stercorarius parasiticus,Labbo
Sterna hirundo,Sterna comune
Sternbergia lutea,Zafferanastro giallo
Sternula albifrons,Fraticello
Steromphala albida,Trottola bianca
Stictocephala bisonia,cicadella bisonte
Stipa pennata,lino delle fate piumoso
Stratiomys longicornis,Stratiomide lunghe corna
Streptopelia decaocto,Tortora dal collare eurasiatica
Streptopelia orientalis,Tortora orientale
Streptopelia turtur,Tortora selvatica
Striarca lactea,Arca lattea
Strix aluco,Allocco
Sturnus vulgaris,Storno comune
Styela plicata,Ascidia stiela
Stylurus flavipes,Gonfo zampegialle
Suberites domuncula,Spugna dei paguri
Sulla coronaria,Sulla
Sus scrofa,Cinghiale
Sylvia atricapilla,Capinera
Sylvia borin,Beccafico
Sympecma fusca,Invernina comune
Sympetrum depressiusculum,Cardinale padano
Sympetrum fonscolombii,Cardinale venerosse
Sympetrum meridionale,Cardinale meridionale
Sympetrum sanguineum,Cardinale sanguineo
Sympetrum striolatum,Cardinale striato
Symphodus cinereus,Tordo grigio
Symphodus melops,Tordo occhionero
Symphodus tinca,Tordo pavone
Symphyotrichum lanceolatum,Astro lanceolato
Symphyotrichum squamatum,Astro annuale
Symphytum bulbosum,Consolida minore
Symphytum officinale,Consolida maggiore
Symphytum tuberosum,Consolida femmina
Synema globosum,Ragno napoleone
Syngnathus abaster,Pesce ago di rio
Syngnathus taenionotus,Pesce ago adriatico
Syngnathus typhle,Pesce ago cavallino
Tachybaptus ruficollis,Tuffetto
Tadorna ferruginea,Casarca comune
Tadorna tadorna,Volpoca
Talitrus platycheles,Pulce di sabbia mediterranea
Talpa,Talpa
Talpa europaea,Talpa europea
Tamarix gallica,Tamerice comune
Tamarix parviflora,Tamerice a fiori piccoli
Taphrina deformans,Bolla del pesco
Taraxacum,Tarassaco
Taraxacum officinale,Tarassaco comune
Tarentola mauritanica,Geco comune
Taxus baccata,Tasso
Tedania anhelans,Tedania
Testudo hermanni,Testuggine di Hermann
Tethya citrina,Limone di mare
Tethys fimbria,Fimbria
Tettigonia viridissima,Cavalletta verde
Teucrium capitatum,camedrio capitato
Teucrium chamaedrys,Camedrio comune
Thalasseus sandvicensis,Beccapesci
Thalictrum aquilegiifolium,Pigamo colombino
Thalictrum lucidum,Pigamo lucido
Thaumetopoea pityocampa,processionaria del pino
Theba pisana,chiocciola delle dune
Theodoxus danubialis,Neritina del Danubio
Thereva,Terevide
Thinopyrum acutum,Gramigna acuta
Thinornis dubius,Corriere piccolo
Thomisus onustus,Ragno camaleonte
Thorogobius macrolepis,Ghiozzo gattopardo
Threskiornis aethiopicus,Ibis sacro
Thuridilla hopei,Turidilla
Thylacodes arenarius,Vermeto
Thysanozoon brocchii,Platelminta papillato
Tipula oleracea,Tipula palustre
Tipula paludosa,Tipula dei prati
Torilis arvensis,Lappolina canaria
Torpedo marmorata,Torpedine marezzata
Trabea paradoxa,Ragno lupo di spiaggia mediterraneo
Trachemys scripta,Testuggine palustre americana
Trachemys scripta elegans,Testuggine palustre dalle orecchie rosse
Trachemys scripta scripta,Testuggine palustre dalle orecchie gialle
Trachycarpus fortunei,Palma di Fortune
Tradescantia pallida,Tradescanzia pallida
Tragopogon dubius,Barba di becco a tromba
Tragopogon eriospermus,Barba di becco a semi lanosi
Tragopogon porrifolius,Barba di becco violetta
Tragopogon pratensis,Barba di becco comune
Trametes versicolor,Poliporo a mensola variopinto
Trialeurodes vaporariorum,Aleurodide delle serre
Tribulus terrestris,Tribolo comune
Trichodes apiarius,Cleride delle api
Trichoplusia ni,Nottua delle crocifere
Trifolium arvense,Trifoglio arvense
Trifolium campestre,Trifoglio campestre
Trifolium dubium,trifoglio dubbio
Trifolium fragiferum,trifoglio a fragola
Trifolium hybridum,Trifoglio ibrido
Trifolium medium,Trifoglio intermedio
Trifolium nigrescens,Trifoglio annerente
Trifolium pratense,trifoglio dei prati
Trifolium repens,Trifoglio bianco
Tringa erythropus,Totano moro
Tringa glareola,Piro piro boschereccio
Tringa nebularia,Pantana
Tringa ochropus,Piro piro culbianco
Tringa stagnatilis,Albastrello
Tringa totanus,Pettegola
Triodia sylvina,Silvina
Tripidium ravennae,Canna del Po
Tripolium pannonicum,Astro marino
Tripterygion tripteronotum,Peperoncino rosso
Trisopterus capelanus,Cappellano mediterraneo
Trithemis annulata,Obelisco violetto
Tritia mutabilis,Nassa mutabile
Tritia neritea,Ciclope
Tritia nitida,Nassa nitida
Triticum aestivum,Grano tenero
Triturus carnifex,Tritone crestato italiano
Trochosa,Trocosa
Troglodytes troglodytes,Scricciolo comune
Tropinota squalida,Scarabeo peloso mediterraneo
Turdus iliacus,Tordo sassello
Turdus merula,Merlo
Turdus philomelos,Tordo bottaccio
Turdus pilaris,Cesena
Turdus torquatus,Merlo dal collare
Turdus viscivorus,Tordela
Turritellinella tricarinata,Turritella
Tursiops truncatus,Tursiope
Tussilago farfara,Farfara
Tylodina perversa,Tilodina
Tyta luctuosa,Nottuide quadrimaculato
Tyto alba,Barbagianni
Ulmus minor,Olmo campestre
Ulva,Lattuga di mare
Ulva intestinalis,Ulva intestino
Ulva lactuca,Lattuga di mare
Umbilicus rupestris,Ombelico di Venere comune
Umbrina cirrosa,Ombrina
Undaria pinnatifida,Wakame
Unio elongatulus,Vongola fluviale elongata
Upogebia pusilla,Gambero fantasma
Upupa epops,Upupa
Urtica dioica,ortica
Urtica membranacea,Ortica membranosa
Urtica urens,Ortica minore
Valerianella locusta,Valerianella comune
Valgus hemipterus,Scarabeo dai puntini
Vallisneria spiralis,Vallisneria a spirale
Vanellus vanellus,Pavoncella
Vanessa atalanta,Vanessa atalanta
Vanessa cardui,Vanessa del cardo
Venus verrucosa,Tartufo di mare
Verbascum blattaria,Verbasco polline
Verbascum phlomoides,Verbasco barbarastio
Verbascum sinuatum,Verbasco sinuato
Verbascum thapsus,tasso barbasso
Verbena officinalis,Verbena comune
Veronica anagallis-aquatica,Veronica acquatica
Veronica arvensis,Veronica dei campi
Veronica beccabunga,Veronica beccabunga
Veronica chamaedrys,Veronica comune
Veronica hederifolia,Veronica con foglie d'edera
Veronica persica,Veronica di Persia
Veronica serpyllifolia,Veronica a foglie di serpillo
Vespa crabro,Calabrone europeo
Vespa orientalis,Vespa orientale
Vespula germanica,Vespa di terra
Viburnum lantana,viburno lantana
Viburnum opulus,Palla di neve
Viburnum tinus,Lentaggine
Vicia cracca,Veccia montanina
Vicia hirsuta,veccia irsuta
Vicia sativa,Veccia comune
Vicia sativa nigra,Veccia nera
Vinca major,Pervinca maggiore
Vinca minor,Pervinca minore
Vincetoxicum hirundinaria,Vincetossico comune
Viola alba,Viola bianca
Viola odorata,Viola Mammola
Viola reichenbachiana,Viola silvestre
Viola sororia,Viola sorella
Viola tricolor,Viola del pensiero
Vipera aspis,Vipera comune
Vipera aspis francisciredi,Vipera di Redi
Vitex agnus-castus,Agnocasto
Viviparus ater,Chiocciola fluviale italiana
Viviparus contectus,Chiocciola fluviale di Lister
Volvopluteus gloiocephalus,Volvaria vischiosa
Vulpes vulpes,Volpe rossa
Vulpes vulpes crucigera,Volpe rossa europea
Xanthium orientale,Nappola orientale
Xantho poressa,Granchio poressa
Xanthogaleruca luteola,galerucella dell'olmo
Xanthoria parietina,Lichene arancione comune
Xenus cinereus,PIro piro del Terek
Xerotricha conspurcata,Chiocciola vellutata europea
Xiphias gladius,pesce spada
Xylocopa,Api legnaiole
Xylocopa violacea,Ape legnaiola
Yersinella raymondii,Grillo dei cespugli di Raymond
Yucca gloriosa,Jucca
Zantedeschia aethiopica,Calla
Zapornia parva,Schiribilla eurasiatica
Zea mays,Mais
Zeugopterus regius,Rombo peloso
Zeus faber,Pesce San Pietro
Zeuzera pyrina,Falena leopardo
Zoropsis spinimana,Falsa licosa
Zostera marina,Zostera comune
Zostera noltii,Zostera nana
Zygaena filipendulae,Zigena della filipendula
Zygiella x-notata,Ragno delle finestre