scientific_name,observations
Homo sapiens,109
Ablattaria laevigata,5
Abortiporus biennis,4
Abutilon theophrasti,16
Acalypha virginica,1
Acanalonia conica,39
Acanthiophilus helianthi,1
Acanthocardia aculeata,8
Acanthocardia echinata,23
Acanthocardia paucicostata,4
Acanthocardia tuberculata,100
Acanthoiulus fuscipes,1
Accipiter nisus,30
Acer campestre,28
Acer negundo,19
Acer platanoides,4
Aceria tristriata,2
Acherontia atropos,8
Achillea millefolium,1
Achillea roseoalba,1
Achyra nudalis,7
Acinopus,1
Acinopus picipes,1
Aclees taiwanensis,1
Acleris forsskaleana,2
Acontia lucida,8
Acontia trabealis,31
Acrida ungarica,54
Acrida ungarica mediterranea,5
Acrocephalus arundinaceus,11
Acrocephalus melanopogon,1
Acrocephalus palustris,5
Acrocephalus schoenobaenus,5
Acrocephalus scirpaceus,19
Acromegalomma,1
Acronicta megacephala,2
Acronicta rumicis,25
Acronicta tridens,1
Acrosternum heegeri,6
Acrosternum millierei,1
Acrotylus patruelis,14
Acteon tornatilis,2
Actinia mediterranea,21
Actitis hypoleucos,98
Adalia bipunctata,15
Adalia decempunctata,2
Adela croesella,1
Adelphocoris lineolatus,6
Adelphocoris seticornis,1
Adiantum capillus-veneris,7
Aecidium clematidis,1
Aedes albopictus,11
Aedes caspius,1
Aedes koreicus,1
Aedia leucomelas,18
Aegithalos caudatus,74
Aegithalos caudatus caudatus,1
Aegomorphus clavipes,3
Aegosoma scabricorne,13
Aelia acuminata,1
Aequipecten opercularis,32
Aequorea,1
Aequorea forskalea,7
Aeshna affinis,11
Aeshna mixta,16
Agalenatea redii,1
Agapanthia cardui,1
Agapeta hamana,3
Agapeta zoegana,4
Agaricus bitorquis,1
Agaricus devoniensis,1
Agelena labyrinthica,4
Agenioideus nubecula,1
Aglais io,38
Aglais urticae,3
Aglaophenia pluma,1
Agrimonia eupatoria,14
Agriotes ustulatus,1
Agriphila geniculea,6
Agriphila inquinatella,3
Agriphila tolli,2
Agriphila tristella,17
Agrius convolvuli,44
Agrocybe molesta,1
Agrotis exclamationis,13
Agrotis ipsilon,8
Agrotis segetum,2
Agrypnus murinus,1
Aidablennius sphynx,65
Ailanthus altissima,39
Aiolopus puissanti,3
Aiolopus strepens,10
Aiolopus thalassinus,4
Aiptasia couchii,1
Aix galericulata,1
Ajuga reptans,21
Alauda arvensis,3
Albizia julibrissin,1
Alcea rosea,1
Alcedo atthis,59
Alchemilla arvensis,1
Alisma plantago-aquatica,3
Allagelena gracilens,4
Alliaria petiolata,6
Allium angulosum,1
Allium carinatum carinatum,1
Allium neapolitanum,5
Allium oleraceum,1
Allium sphaerocephalon,1
Allium suaveolens,3
Allium ursinum,3
Allium vineale,5
Alnus cordata,2
Alnus glutinosa,7
Alopecosa pulverulenta,1
Alopecurus myosuroides,5
Alopochen aegyptiaca,15
Alopochen aegyptiaca × Tadorna ferruginea,1
Althaea officinalis,13
Alydus calcaratus,3
Amanita echinocephala,2
Amanita ovoidea,2
Amanita strobiliformis,2
Amara aenea,3
Amaranthus blitum,4
Amaranthus deflexus,10
Amaranthus retroflexus,3
Ambigolimax valentianus,2
Ambrosia artemisiifolia,9
Ambrosia psilostachya,15
Ameiurus melas,1
Ameles spallanzania,3
Amorpha fruticosa,39
Amphibalanus improvisus,3
Amphimallon assimile,3
Amphimallon majale,2
Amphimallon solstitiale,1
Ampithoe ramondi,1
Anacamptis coriophora,9
Anacamptis laxiflora,1
Anacamptis morio,15
Anacamptis palustris,1
Anacamptis pyramidalis,25
Anacridium aegyptium,134
Anadara kagoshimensis,11
Anadara transversa,8
Anarhynchus alexandrinus,67
Anarhynchus leschenaultii,4
Anarta stigmosa,1
Anarta trifolii,5
Anas acuta,3
Anas crecca,69
Anas platyrhynchos,194
Anas platyrhynchos × cairina moschata,1
Anas platyrhynchos domesticus,24
Anaspis maculata,1
Anax ephippiger,1
Anax imperator,13
Anax parthenope,15
Anchomenus dorsalis,1
Ancyrosoma leucogrammes,1
Andrena florea,1
Andrena morio,1
Andricus foecundatrix,1
Andricus kollari,4
Andricus lucidus,1
Andricus quercuscalicis,1
Andricus quercustozae,1
Anelosimus vittatus,1
Anemonia viridis,38
Anemonoides nemorosa,10
Anguilla anguilla,2
Anguis veronensis,6
Anisolabis maritima,8
Anisops sardeus,1
Anomala ausonia,4
Anomala vitis,2
Anomia ephippium,15
Anorthoa munda,1
Anoscopus histrionicus,1
Anoxia scutellaris,1
Anoxia villosa,36
Anser albifrons,48
Anser anser,65
Anser anser × Branta canadensis,2
Anser anser domesticus,6
Anser anser domesticus × cygnoides domesticus,1
Anser cygnoides domesticus,6
Anser erythropus,5
Anser fabalis,1
Anser indicus,3
Anser serrirostris,2
Anthaxia nitidula,1
Anthericum ramosum,2
Anthidium florentinum,10
Anthophora plumipes,2
Anthoxanthum odoratum,1
Anthrenus,1
Anthrenus verbasci,8
Anthribus nebulosus,1
Anthriscus caucalis,2
Anthriscus sylvestris,1
Anthus pratensis,11
Anthus spinoletta,10
Anthus trivialis,3
Antigastra catalaunalis,1
Antiopella cristata,2
Antirrhinum majus,4
Apatura ilia,6
Aphanius fasciatus,3
Aphomia sociella,2
Apis mellifera,67
Apis mellifera ligustica,1
Aplidia transversa,1
Aplidium conicum,2
Aplos simplex,2
Aplysina aerophoba,1
Apocynum venetum,28
Apocynum venetum venetum,6
Apodemus sylvaticus,1
Aporia crataegi,3
Aporodes floralis,3
Aporrhais pespelecani,52
Apus apus,82
Apus pallidus,2
Aquarius najas,1
Aquarius paludum,2
Aquarius paludum paludum,1
Arabidopsis thaliana,5
Araneus angulatus,13
Araneus diadematus,9
Araniella,4
Arca noae,47
Archidoris pseudoargus,5
Archips podana,2
Archips rosana,1
Arctia villica,6
Arctosa,2
Arctosa personata,4
Ardea alba,52
Ardea cinerea,142
Ardea cinerea cinerea,1
Ardea ibis,85
Ardea purpurea,45
Ardeola ralloides,25
Arenaria interpres,6
Arenicola marina,6
Arge ochropus,6
Arge pagana,2
Argiope bruennichi,65
Argiope lobata,1
Argynnis paphia,3
Aricia agestis,5
Arion vulgaris,10
Aristolochia clematitis,57
Aristolochia rotunda,16
Arma custos,1
Armadillidium arcangelii,6
Armadillidium nasatum,2
Armadillidium vulgare,10
Armillaria mellea,1
Armoracia rusticana,3
Arocatus melanocephalus,15
Aromia moschata,2
Arrhenatherum elatius,2
Arrhenia spathulata,1
Artemisia verlotiorum,2
Artemisia vulgaris,3
Arthrocaulon macrostachyum,1
Arum italicum,25
Arundo donax,22
Ascidiella aspersa,1
Asclepias syriaca,1
Ascotis selenaria,6
Asio flammeus,1
Asio otus,20
Asparagus acutifolius,19
Asparagus officinalis,4
Asperula cynanchica,2
Asplenium ruta-muraria,22
Asplenium scolopendrium,3
Asplenium trichomanes,17
Asterina gibbosa,12
Astragalus glycyphyllos,1
Astrapaeus ulmi,1
Astropecten,1
Astropecten irregularis,5
Astropecten spinulosus,1
Athalia rosae,1
Athene noctua,45
Atherina boyeri,48
Athetis hospes,13
Atrina fragilis,15
Atriplex portulacoides,9
Atriplex prostrata,3
Attalus minimus,1
Attulus penicillatus,1
Auplopus carbonarius,1
Aurelia solida,61
Auricularia auricula-judae,3
Auricularia mesenterica,4
Autographa gamma,32
Avena barbata,1
Avena fatua,2
Axylia putris,3
Aythya ferina,40
Aythya ferina × nyroca,1
Aythya fuligula,19
Aythya marila,5
Aythya nyroca,10
Azorinus chamasolen,3
Baccharis halimifolia,15
Balanophyllia europaea,1
Balistes capriscus,2
Ballota nigra,5
Ballota nigra meridionalis,1
Barbatia barbata,11
Barnea candida,4
Bedellia somnulentella,1
Bellardia viscosa,1
Bellevalia romana,1
Bellis perennis,56
Belone belone,3
Belonochilus numenius,1
Bembecia ichneumoniformis,1
Bembix oculata,1
Bena bicolorana,4
Beosus maritimus,2
Beosus quadripunctatus,1
Berberis aquifolium,1
Berberis vulgaris,9
Berginus tamarisci,1
Berthella ocellata,1
Beta vulgaris,2
Beta vulgaris maritima,1
Bibio marci,4
Bidens bipinnata,1
Bidens frondosa,2
Bithynia tentaculata,1
Bittium reticulatum,9
Bjerkandera adusta,2
Blackstonia perfoliata,4
Blatta orientalis,32
Bolbitius titubans,1
Bolboschoenus maritimus,3
Bolinus brandaris,115
Bolma rugosa,14
Bombus argillaceus,3
Bombus pascuorum,23
Bombus sylvarum,1
Bombus terrestris,11
Bombylius major,1
Boops boops,4
Borago officinalis,5
Bosemprella incarnata,1
Botaurus minutus,7
Botaurus stellaris,6
Bothriochloa ischaemum,1
Bothus podas,1
Botrylloides diegensis,10
Botrylloides violaceus,3
Botryllus schlosseri,9
Brachytron pratense,2
Branta bernicla,2
Branta canadensis,6
Branta leucopsis,11
Branta ruficollis,12
Brassica napus,2
Brassica oleracea,1
Brassica rapa,1
Braueriella phillyreae,1
Bromus hordeaceus,5
Bromus hordeaceus hordeaceus,1
Bromus sterilis,2
Broussonetia papyrifera,18
Bryonia cretica,3
Bryonia cretica dioica,2
Bryopsis duplex,1
Bryopsis muralis,19
Bryum argenteum,2
Bucephala clangula,3
Buddleja davidii,1
Bufo bufo,2
Bufotes viridis,54
Bufotes viridis balearicus,4
Bufotes viridis viridis,152
Buglossoides arvensis,2
Bugula neritina,3
Bulla striata,1
Bunodactis verrucosa,6
Bursatella leachii,1
Buteo buteo,67
Buteo lagopus,1
Butomus umbellatus,1
Cacoecimorpha pronubana,7
Cacyreus marshalli,32
Cairina moschata domestica,4
Cakile maritima,91
Calamagrostis arenaria,10
Calamagrostis epigejos,2
Calamotropha paludella,1
Calendula officinalis,2
Calepina irregularis,5
Calidris alba,52
Calidris alpina,35
Calidris canutus,2
Calidris falcinellus,1
Calidris ferruginea,1
Calidris minuta,3
Calidris pugnax,9
Calidris temminckii,5
Calliactis parasitica,16
Callidium violaceum,1
Callinectes sapidus,149
Calliostoma zizyphinum,6
Calliphora vicina,1
Calliptamus italicus,13
Calliptamus italicus italicus,4
Callista chione,46
Callonetta leucophrys,1
Callophrys rubi,1
Calomera littoralis,12
Calomera littoralis nemoralis,18
Calonectris diomedea,1
Calophasia lunula,1
Calopteryx,2
Calopteryx splendens,97
Calopteryx splendens caprai,7
Calosoma sycophanta,1
Caltha palustris,6
Calvia quatuordecimguttata,1
Calyptraea chinensis,4
Calystegia,3
Calystegia sepium,18
Calystegia silvatica,1
Calystegia soldanella,38
Campanula latifolia,1
Campanula pyramidalis,9
Campanula trachelium,1
Camponotus fallax,3
Camponotus lateralis,3
Camponotus vagus,37
Camptogramma bilineata,5
Camptopus lateralis,12
Candelaria concolor,1
Canephora hirsuta,1
Canis aureus,1
Cantharis livida,3
Capreolus capreolus,91
Caprimulgus europaeus,4
Capsella bursa-pastoris,19
Capsella rubella,3
Capsus ater,1
Carabus,1
Carabus coriaceus,16
Carabus germarii,4
Caradrina clavipalpis,2
Carassius gibelio,1
Carcharodus alceae,12
Carcinus aestuarii,198
Cardamine amara,1
Cardamine hirsuta,8
Cardamine matthioli,1
Cardita calyculata,1
Cardites antiquatus,8
Carduelis carduelis,36
Carduus pycnocephalus,1
Caretta caretta,22
Carex acutiformis,2
Carex caryophyllea,1
Carex distans,2
Carex divisa,1
Carex extensa,2
Carex flacca,1
Carex otrubae,2
Carex pendula,3
Carpinus betulus,7
Carpobrotus acinaciformis,2
Carpocoris mediterraneus,3
Carpocoris mediterraneus mediterraneus,3
Carpocoris purpureipennis,4
Carrhotus xanthogramma,6
Carybdea marsupialis,10
Cassida nobilis,1
Catapodium marinum,1
Catapodium rigidum,2
Catatrama furnacea,1
Catocala coniuncta,2
Catocala elocata,7
Catocala nupta,3
Catocala nymphaea,1
Catocala puerpera,1
Catoptria falsella,4
Caucasotachea vindobonensis,4
Cauchas rufifrontella,1
Cecropis rufula,1
Celastrina argiolus,10
Celosia argentea,1
Celtis australis,5
Celypha striana,3
Cenchrus longispinus,20
Cenchrus spinifex,5
Centaurea cyanus,3
Centaurea nigrescens,19
Centaurea tommasinii,2
Centaurium erythraea,5
Centaurium pulchellum,1
Centranthus macrosiphon,4
Centranthus ruber,5
Cepaea nemoralis,38
Cephalanthera damasonium,2
Cephalanthera longifolia,13
Cephalanthera rubra,4
Cerambyx cerdo,1
Cerambyx scopolii,1
Cerastium brachypetalum tenoreanum,1
Cerastium glomeratum,8
Cerastium pumilum pumilum,1
Cerastium semidecandrum,2
Cerastoderma edule,1
Cerastoderma glaucum,23
Ceratina cucurbitina,1
Ceratophyllum demersum,4
Cercopis vulnerata,10
Cereus pedunculatus,4
Cerinthe minor,1
Cerioporus squamosus,7
Cerithium vulgatum,51
Cernuella cisalpina,22
Cernuella neglecta,1
Cernuella virgata,6
Ceroplastes japonicus,2
Cerura erminea,2
Cetonia aurata,11
Cetonia aurata pisana,2
Cettia cetti,10
Chaenorhinum minus,2
Chaetocnema conducta,1
Chaetomorpha linum,1
Chaetophiloscia elongata,1
Chalcolestes,1
Chalcolestes parvidens,36
Chalybion,1
Chalybion femoratum,2
Chama gryphoides,1
Chamaecytisus purpureus,1
Chamelea gallina,129
Chara aculeolata,1
Charadrius hiaticula,10
Cheiracanthium mildei,6
Chelidonichthys lastoviza,4
Chelidonichthys lucerna,3
Chelidonium majus,13
Chelifer cancroides,1
Chelon,4
Chelon auratus,2
Chelon labrosus,8
Chelon ramada,5
Chelonia mydas,1
Chelonibia testudinaria,3
Chenopodiastrum murale,3
Chenopodium album,6
Chiasmia aestimaria,7
Chiasmia clathrata,2
Chilo phragmitella,1
Chilocorus bipustulatus,13
Chilocorus renipustulatus,1
Chilocorus similis,1
Chlidonias hybrida,2
Chlidonias leucopterus,2
Chlidonias niger,4
Chloris chloris,15
Chloroclystis v-ata,4
Chloromyia formosa,10
Chlorophorus glabromaculatus,4
Chlorophorus varius,2
Chondrula tridens,3
Choreutis nemorana,2
Chorthippus,1
Chorthippus brunneus,5
Chorthippus dorsatus,1
Chroicocephalus genei,10
Chroicocephalus ridibundus,565
Chroicocephalus ridibundus × Ichthyaetus melanocephalus,1
Chromis chromis,3
Chrysaora hysoscella,10
Chrysis scutellaris,1
Chrysochraon dispar giganteus,1
Chrysocrambus linetella,14
Chrysodeixis chalcites,11
Chrysolina americana,25
Chrysolina haemoptera,6
Chrysolina herbacea,1
Chrysolina rossia,14
Chrysolina sturmi,1
Chrysomela populi,14
Chrysomya albiceps,1
Chrysoperla carnea,4
Chrysopogon gryllus,4
Chrysops italicus,2
Chrysotoxum cautum,1
Chthamalus montagui,12
Cicada orni,81
Cicadella viridis,13
Cichorium intybus,31
Ciconia ciconia ciconia,1
Cimex lectularius,1
Circaetus gallicus,3
Circinaria calcarea,1
Circus aeruginosus,97
Circus aeruginosus aeruginosus,1
Circus cyaneus,39
Circus pygargus,1
Cirsium arvense,19
Cirsium vulgare,15
Cisticola juncidis,27
Cistus creticus,16
Citrullus lanatus,1
Cladium mariscus,11
Cladius grandis,1
Cladocora caespitosa,1
Clanga clanga,4
Clangula hyemalis,2
Clanoptilus spinipennis,2
Clathrus ruber,8
Clausinella fasciata,1
Clematis flammula,2
Clematis recta,1
Clematis vitalba,11
Clematis viticella,19
Cleonis pigra,2
Clepsis consimilana,1
Clepsis dumicolana,1
Clerodendrum bungei,1
Clibanarius erythropus,19
Clinopodium nepeta,3
Clinopodium vulgare,2
Cliona celata,11
Cloeon dipterum,1
Clogmia albipunctata,25
Clostera anastomosis,2
Clostera curtula,1
Closterotomus norwegicus,1
Clytie illunaris,2
Clytra laeviuscula,2
Clytus arietis,2
Cobitis bilineata,1
Coccinella septempunctata,44
Coccinella undecimpunctata,3
Coccinella undecimpunctata tripunctata,2
Coccothraustes coccothraustes,1
Cochlicella acuta,4
Cochlicella barbara,2
Codium fragile,4
Coenagrion puella,14
Coenonympha pamphilus,47
Colchicum autumnale,1
Colias croceus,55
Colletes cunicularius,1
Collybia nuda,1
Collybia sordida,2
Colobochyla salicalis,1
Colobopsis truncata,1
Coloeus monedula,17
Colpa sexmaculata,26
Columba livia,39
Columba livia domestica,652
Columba oenas,5
Columba palumbus,224
Columba palumbus palumbus,2
Columbella rustica,1
Comibaena bajularia,1
Commelina communis,2
Conger conger,12
Coniatus tamarisci,3
Conisania luteago,1
Conocephalus fuscus,4
Conocybe aurea,1
Conus ventricosus,1
Convolvulus arvensis,43
Coprinellus disseminatus,2
Coprinopsis atramentaria,3
Coprinopsis picacea,1
Coprinus comatus,31
Coracias garrulus,3
Coraebus rubi,1
Corbicula fluminea,5
Cordulia aenea,1
Coreus marginatus,12
Coriandrum sativum,1
Corizus hyoscyami,1
Cornu aspersum,163
Cornus mas,3
Cornus sanguinea,13
Coronella austriaca,1
Cortinarius caligatus,2
Cortinarius dryosalor,1
Corvus corax,1
Corvus cornix,118
Corvus cornix × corone,1
Corvus corone,9
Corylus avellana,7
Coryphoblennius galerita,22
Corystes cassivelaunus,10
Corythucha arcuata,2
Corythucha ciliata,5
Cosmia affinis,1
Cosmia trapezina,1
Cossus cossus,6
Cotinus coggygria,14
Cotoneaster hjelmqvistii,1
Cotylorhiza tuberculata,40
Crambus pascuella,1
Crambus perlella,1
Crangon crangon,2
Crataegus monogyna,7
Cratena peregrina,2
Cratosilis laeta,1
Crematogaster schmidti,9
Crematogaster scutellaris,33
Creoleon lugdunensis,1
Creophilus maxillosus,2
Crepis foetida,1
Crepis vesicaria,5
Crioceris duodecimpunctata,1
Crithmum maritimum,116
Crocidosema plebejana,1
Crocidura gueldenstaedtii,3
Crocothemis erythraea,93
Cruciata laevipes,3
Cteniopus sulphureus,1
Ctenolepisma lineatum,29
Ctenolepisma longicaudatum,3
Ctenophora festiva,1
Cuculus canorus,10
Culex,2
Culex quinquefasciatus,1
Cupido argiades,19
Curruca cantillans,2
Curruca cantillans albistriata,1
Curruca communis,10
Curruca curruca,5
Curruca melanocephala,2
Cuscuta campestris,2
Cyanistes caeruleus,78
Cyathus olla,1
Cyclamen purpurascens,1
Cyclocybe cylindracea,7
Cyclophora punctaria,3
Cyclophora puppillaria,2
Cyclosa,1
Cydalima perspectalis,12
Cydnus aterrimus,2
Cygnus atratus,3
Cygnus columbianus,2
Cygnus olor,206
Cylindera trisignata,2
Cymbalaria muralis,48
Cymodocea nodosa,33
Cynips longiventris,1
Cynodon dactylon,8
Cyperus capitatus,11
Cyperus esculentus,3
Cyperus fuscus,1
Cyperus glomeratus,2
Cyprinus carpio,15
Cyprinus rubrofuscus,4
Cyrtarachne ixoides,4
Cyrtophora citricola,1
Cystiphora sonchi,1
Dactylis glomerata,17
Daktulosphaira vitifoliae,3
Dama dama,12
Danaus chrysippus,2
Daphnis nerii,11
Dasysyrphus albostriatus,1
Datura stramonium,15
Datura wrightii,1
Daucus carota,18
Daucus carota carota,2
Decticus albifrons,3
Deilephila elpenor,10
Delichon urbicum,18
Delta unguiculatum,1
Deltote bankiana,2
Deltote pygarga,6
Dendrocopos major,77
Dendrodoris limbata,3
Dendrolimus pini,5
Deraeocoris flavilinea,3
Deraeocoris lutescens,2
Deraeocoris ruber,6
Derilambrus angulifrons,3
Dermestes undulatus,1
Deroceras reticulatum,2
Diabrotica virgifera,6
Diachromus germanus,1
Diacrisia sannio,1
Diadumene lineata,1
Diaea dorsata,2
Dianthus carthusianorum,2
Diaperis boleti,3
Diasemia reticularis,1
Diasemiopsis ramburialis,1
Dicentrarchus labrax,10
Dicerca aenea,1
Dichomeris alacella,1
Dictyophara europaea,2
Dictyopteris polypodioides,1
Dictyota dichotoma,1
Didemnum maculosum,1
Digitaria sanguinalis,2
Diodora graeca,2
Diodora italica,1
Diogenes,2
Diogenes armatus,1
Diogenes pugilator,34
Dioscorea communis,5
Diplodus annularis,1
Diplodus sargus,9
Diplodus vulgaris,1
Diplolepis rosae,4
Diplotaxis tenuifolia,8
Dipsacus fullonum,18
Dipsacus laciniatus,3
Dissingia leucomelaena,1
Distoleon tetragrammicus,28
Dittrichia viscosa,7
Ditula angustiorana,3
Divales bipustulatus,1
Dolicharthria punctalis,5
Dolichoderus quadripunctatus,2
Dolocerus reichii,1
Dolycoris baccarum,1
Donax semistriatus,11
Donax trunculus,36
Dorcus parallelipipedus,42
Dosinia lupinus,7
Draba verna,4
Drasterius bimaculatus,7
Drilus flavescens,1
Dromia personata,23
Dromius quadrimaculatus,1
Dryocopus martius,3
Dryomyia lichtensteinii,2
Drypta dentata,2
Duponchelia fovealis,18
Dypterygia scabriuscula,1
Dysauxes ancilla,2
Dysgonia algira,13
Dyspanopeus sayi,14
Dyspessa ulula,1
Dysphania atriplicifolia,2
Earias clorana,3
Earias vernana,2
Ebaeus flavicornis,2
Ebrechtella tricuspidata,2
Eccopisa effractella,1
Echiichthys vipera,2
Echinocardium,1
Echinocardium cordatum,6
Echinocardium mediterraneum,15
Echinochloa crus-galli,5
Echinophora spinosa,36
Echium vulgare,9
Echium vulgare vulgare,2
Ectobius lapponicus,1
Ectobius pallidus,1
Ectobius vittiventris,5
Ectomyelois ceratoniae,11
Ectophasia crassipennis,1
Edmundsella pedata,2
Egretta garzetta,649
Egretta garzetta garzetta,10
Eilema caniola,7
Eilema depressa,5
Eilema griseola,1
Eilema sororcula,1
Elaeagnus angustifolia,22
Elaeagnus pungens,1
Elaeagnus umbellata,1
Elaphria venustula,1
Elater ferrugineus,1
Eledone moschata,6
Eleusine indica,7
Ellisolandia elongata,9
Ematheudes punctella,14
Ematurga atomaria,17
Emberiza calandra,3
Emberiza cirlus,4
Emberiza pusilla,1
Emberiza schoeniclus,33
Emberiza schoeniclus schoeniclus,1
Emmelina monodactyla,30
Emys orbicularis,37
Endomychus coccineus,2
Endotricha flammealis,12
Ensis minor,20
Eobania vermiculata,17
Epeoloides coecutiens,1
Ephestia elutella,1
Epiblema foenella,1
Epicauta rufidorsum,5
Epilobium hirsutum,10
Epipactis atrorubens,5
Epipactis muelleri,1
Epipactis palustris,16
Epirrhoe alternata,1
Episinus truncatus,2
Epistrophe eligans,1
Episyrphus balteatus,26
Epitonium clathrus,6
Epitonium turtonis,1
Epizoanthus arenaceus,1
Equisetum arvense,8
Equisetum palustre,1
Equisetum ramosissimum,11
Equisetum ramosissimum ramosissimum,3
Equisetum telmateia,13
Equisetum telmateia telmateia,3
Equus caballus,1
Erannis defoliaria,2
Erica carnea,3
Erigeron annuus,8
Erigeron bonariensis,4
Erigeron canadensis,8
Erigeron sumatrensis,6
Erinaceus europaeus,41
Eriobotrya japonica,1
Eriphia verrucosa,51
Eristalinus aeneus,3
Eristalinus taeniops,4
Eristalis arbustorum,3
Eristalis pertinax,2
Eristalis similis,1
Eristalis tenax,23
Erithacus rubecula,120
Erodium cicutarium,2
Eryngium amethystinum,1
Eryngium maritimum,47
Erynnis tages,7
Erythromma lindenii,4
Erythromma viridulum,12
Esox cisalpinus,1
Esox lucius,1
Esperia sulphurella,4
Ethmia bipunctella,1
Ethusa mascarone,1
Etiella zinckenella,1
Eualus cranchii,2
Eublemma parva,5
Euborellia moesta,1
Eucarta virgo,1
Euchorthippus declivus,13
Euclidia glyphica,9
Eudonia angustea,12
Eudonia delunella,10
Eumenes,2
Eumenes mediterraneus,3
Eumodicogryllus bordigalensis,22
Euodynerus dantici,1
Euonymus europaeus,18
Eupatorium cannabinum,13
Eupeodes corollae,1
Eupholidoptera schmidti,19
Euphorbia cyparissias,10
Euphorbia helioscopia,23
Euphorbia lathyris,4
Euphorbia maculata,12
Euphorbia nutans,2
Euphorbia palustris,1
Euphorbia paralias,24
Euphorbia peplis,6
Euphorbia peplus,8
Euphorbia platyphyllos,4
Euphorbia prostrata,8
Euphorbia verrucosa,1
Eupithecia centaureata,1
Eupithecia ultimaria,5
Euplagia quadripunctaria,1
Eupteryx decemnotata,1
Eurydema oleracea,1
Eurydema ornata,22
Eurydema ventralis,6
Eurythyrea micans,2
Euscorpius,3
Evarcha arcuata,4
Evarcha jucunda,19
Evergestis extimalis,1
Evernia prunastri,1
Exocentrus adspersus,1
Exocentrus lusitanus,1
Exocentrus punctipennis,1
Exochomus quadripustulatus,12
Facelina vicina,1
Falco columbarius,5
Falco eleonorae,1
Falco naumanni,1
Falco peregrinus,13
Falco peregrinus calidus,1
Falco subbuteo,7
Falco tinnunculus,88
Falco tinnunculus tinnunculus,1
Falco vespertinus,7
Felimare picta,1
Felimare tricolor,1
Felimare villafranca,1
Felimida krohni,2
Felimida luteorosea,1
Felis catus,2
Ficaria verna,34
Ficedula hypoleuca,15
Ficus carica,30
Filipendula vulgaris,1
Fissurella nubecula,1
Flabellina affinis,4
Flammulina,1
Flavoparmelia caperata,6
Flexopecten flexuosus,5
Flexopecten glaber,95
Foeniculum vulgare,4
Fomes fomentarius,5
Fomitopsis quercina,1
Forficula auricularia,22
Forficula decipiens,1
Formica cunicularia,1
Fragaria vesca,2
Frangula alnus,14
Fraxinus angustifolia,1
Fraxinus ornus,11
Fringilla coelebs,72
Fringilla montifringilla,3
Frontinellina frutetorum,6
Fucus virsoides,2
Fulica atra,79
Fumana procumbens,5
Fumaria capreolata,2
Fumaria officinalis,2
Galatella linosyris,3
Galathea strigosa,4
Galega officinalis,11
Galeodea echinophora,8
Galerida cristata,2
Galeruca tanaceti,1
Galinsoga quadriradiata,5
Galium aparine,5
Galium mollugo,3
Galium murale,2
Galium verum,17
Galleria mellonella,5
Gallinago gallinago,14
Gallinula chloropus,106
Gallus gallus domesticus,1
Gambusia holbrooki,4
Garella musculana,1
Garrulus glandarius,141
Garrulus glandarius albipectus,1
Gastrana fragilis,1
Gastropacha quercifolia,4
Gastrophysa polygoni,1
Gavia arctica,7
Gavia immer,2
Gavia stellata,7
Gazania × splendens,1
Gelochelidon nilotica,2
Genista germanica,1
Genista tinctoria,5
Gentiana pneumonanthe,1
Geopora arenicola,2
Geopora arenosa,1
Geranium columbinum,1
Geranium dissectum,21
Geranium molle,21
Geranium nodosum,1
Geranium purpureum,5
Geranium robertianum,1
Geranium rotundifolium,11
Geronticus eremita,2
Geum urbanum,5
Gibbula ardens,1
Gibbula magus,18
Gladiolus palustris,5
Glareola pratincola,1
Glaucium flavum,2
Glechoma hederacea,15
Gleditsia triacanthos,13
Globia sparganii,1
Globularia bisnagarica,10
Glycymeris,2
Glycymeris nummaria,57
Glycymeris pilosa,7
Glyptobothrus,1
Gobius cobitis,25
Gobius cruentatus,1
Gobius niger,9
Gobius ophiocephalus,3
Gobius paganellus,5
Gomphus vulgatissimus,11
Gonepteryx rhamni,15
Gongolaria barbata,4
Gonioctena fornicata,2
Gonocerus acuteangulatus,2
Gonocerus juniperi,1
Gonyodiscus rotundatus,3
Grammodes bifasciata,4
Grammodes stolida,3
Granaria frumentum,1
Graphopsocus cruciatus,2
Graphosoma italicum italicum,36
Graptemys ouachitensis,2
Graptostethus servus,1
Gratiola officinalis,2
Grimmia pulvinata,1
Grus grus,30
Gryllomorpha dalmatina,16
Gryllotalpa gryllotalpa,15
Gryllotalpa stepposa,1
Gryllus bimaculatus,3
Gryllus campestris,5
Gulosus aristotelis,78
Gymnadenia conopsea,1
Gymnoscelis rufifasciata,24
Gymnosporangium clavariiforme,1
Gyroporus cyanescens,1
Hadena bicruris,1
Haematopus ostralegus,150
Haliaeetus albicilla,2
Halichondria panicea,2
Haliclona cinerea,1
Halictus scabiosae,9
Halictus sexcinctus,1
Haliotis tuberculata,6
Haliotis tuberculata tuberculata,1
Halyomorpha halys,84
Harmonia axyridis,86
Harmonia quadripunctata,9
Harpalus rufipes,2
Hebeloma laterinum,1
Hecatera bicolorata,1
Hecatera dysodea,1
Hedera helix,18
Helcystogramma triannulella,2
Helianthemum nummularium,1
Helianthus tuberosus,11
Helicodonta obvoluta,1
Helicoverpa armigera,19
Heliophanus kochii,3
Heliothis peltigera,4
Heliotropium curassavicum,1
Heliotropium europaeum,2
Helix cincta,3
Helix lucorum,9
Helix pomatia,2
Hellula undalis,2
Helminthotheca echioides,10
Helophilus pendulus,2
Helophilus trivittatus,2
Helvella acetabulum,1
Helvella crispa,2
Helvella monachella,1
Helvella pithyophila,1
Hemerobius micans,1
Hemerocallis fulva,2
Hemerocallis lilioasphodelus,1
Hemidactylus turcicus,4
Hemipholiota populnea,2
Hemistola chrysoprasaria,2
Henosepilachna argus,1
Hepatica nobilis,1
Hermetia illucens,10
Herniaria glabra,1
Heteropterus morpheus,1
Hexaplex trunculus,88
Hibiscus trionum,1
Hieraaetus pennatus,1
Hierodula transcaucasica,12
Hierophis viridiflavus,37
Hierophis viridiflavus carbonarius,41
Himacerus mirmicoides,2
Himantopus himantopus,100
Hipparchia statilinus,11
Hippocampus guttulatus,11
Hippocampus hippocampus,5
Hippodamia variegata,22
Hippolais icterina,3
Hippolais polyglotta,7
Hippophae rhamnoides,4
Hirundo rustica,116
Hirundo rustica rustica,1
Hister quadrimaculatus,6
Hogna radiata,23
Holcus lanatus,3
Holochelus fraxinicola,6
Holocnemus pluchei,49
Holothuria,2
Holothuria forskali,4
Holothuria poli,2
Homarus gammarus,21
Homoeosoma sinuella,8
Hoplia brunnipes,1
Hordeum murinum,8
Humulus lupulus,15
Humulus scandens,1
Hyacinthus orientalis,2
Hyalopterus,1
Hydaticus grammicus,1
Hydaticus leander,2
Hydriris ornatalis,1
Hydrobia acuta,1
Hydrocoloeus minutus,3
Hydroides elegans,1
Hydroprogne caspia,6
Hygrocybe acutoconica,1
Hygrocybe conicoides,1
Hygromia cinctella,4
Hygrophorus glutinifer,1
Hyla intermedia,20
Hyla intermedia perrini,13
Hyles euphorbiae,15
Hyles livornica,2
Hylotrupes bajulus,1
Hymeniacidon perlevis,2
Hyoscyamus albus,6
Hypena obsitalis,5
Hypena rostralis,3
Hypera postica,1
Hypericum perforatum,13
Hyperlais nemausalis,1
Hyphantria cunea,15
Hypnea musciformis,4
Hypnum,1
Hypnum cupressiforme,2
Hypocassida subferruginea,2
Hypochaeris radicata,5
Hypomecis punctinalis,8
Hypsopygia costalis,4
Hypsopygia glaucinalis,4
Icerya purchasi,1
Ichneumon sarcitorius,1
Ichthyaetus melanocephalus,128
Icius hamatus,3
Ictalurus punctatus,1
Idaea aversata,14
Idaea degeneraria,8
Idaea dimidiata,4
Idaea inquinata,2
Idaea rusticata,7
Idaea seriata,27
Idaea straminata,6
Idaea subsericeata,4
Idotea balthica,5
Ilia nucleus,4
Inachus phalangium,1
Inocutis tamaricis,3
Inocybe dunensis,1
Iphiclides podalirius,42
Ipomoea purpurea,2
Iris foetidissima,5
Iris orientalis,1
Iris pseudacorus,22
Ischnura elegans,128
Ischnura pumilio,35
Isodontia mexicana,3
Issoria lathonia,4
Isturgia arenacearia,9
Italochrysa italica,3
Ixodes ricinus,1
Jacobaea maritima,1
Jacobaea paludosa,1
Janua heterostropha,2
Japananus hyalinus,1
Jasminum nudiflorum,1
Jikradia olitoria,9
Jorunna tomentosa,1
Juglans nigra,1
Juglans regia,7
Jujubinus montagui,1
Juncus acutus,8
Juncus articulatus,2
Juncus bufonius,1
Juncus effusus,4
Juncus inflexus,1
Juncus maritimus,1
Juniperus communis,9
Jynx torquilla,1
Kalotermes flavicollis,1
Kickxia elatine,1
Kirchenpaueria halecioides,1
Kochiura aulica,1
Kuettlingeria teicholyta,1
Labidura riparia,7
Laburnum anagyroides,1
Lacanobia oleracea,3
Laccaria,1
Lacerta bilineata,28
Lachnaia italica,20
Lacon punctatus,1
Lactarius atlanticus,1
Lactarius chrysorrheus,2
Lactuca serriola,2
Laetiporus sulphureus,1
Laevicardium oblongum,11
Lagurus ovatus,33
Lamium album,4
Lamium amplexicaule,12
Lamium galeobdolon argentatum,3
Lamium maculatum,2
Lamium orvala,6
Lamium purpureum,36
Lamoria anella,11
Lamoria zelleri,1
Lampides boeticus,1
Lampyris,1
Lampyris noctiluca,2
Lanius collurio,24
Lanius excubitor,9
Lanius minor,1
Laothoe populi,4
Lapsana communis,3
Larinioides sclopetarius,4
Larinus turbinatus,1
Larus,1
Larus argentatus,10
Larus cachinnans,11
Larus canus,16
Larus delawarensis,1
Larus fuscus,5
Larus michahellis,1401
Larus michahellis michahellis,19
Lasiocampa quercus,3
Lasiommata megera,52
Lasius,5
Lasius emarginatus,7
Lasius flavus,1
Lasius fuliginosus,4
Laspeyria flexula,1
Lathraea squamaria,1
Lathyrus pratensis,5
Lathyrus tuberosus,2
Lathyrus vernus,1
Lauria cylindracea,2
Lauritrioza alacris,1
Laurus nobilis,4
Leccinellum lepidum,1
Ledra aurita,2
Legnotus limbosus,2
Legousia speculum-veneris,2
Leiopus nebulosus,1
Lemna minor,1
Lentidium mediterraneum,4
Lentinus tigrinus,3
Leocarpus fragilis,1
Lepas anatifera,2
Lepas indica,1
Lepidium didymum,7
Lepidium draba,3
Lepidium graminifolium,1
Lepidochitona caprearum,3
Lepiota cristata,1
Lepiota elaiophylla,1
Lepiota lilacea,1
Lepisma saccharinum,1
Lepomis gibbosus,1
Leptinotarsa decemlineata,4
Leptocerus tineiformis,1
Leptoglossus occidentalis,19
Leptophyes punctatissima,1
Leptotes pirithous,24
Lepus europaeus,32
Lepyronia coleoptrata,1
Lepyrus capucinus,3
Lestes barbarus,1
Lestica clypeata,1
Leucania loreyi,4
Leucania obsoleta,1
Leucanthemum vulgare,3
Leucoagaricus leucothites,6
Leucojum aestivum,7
Leucojum vernum,1
Leucophytia bidentata,2
Libellula fulva,7
Lichia amia,1
Ligia italica,62
Ligustrum lucidum,7
Ligustrum vulgare,5
Lilioceris lilii,1
Lima lima,1
Limacus flavus,24
Limax,1
Limax maximus,13
Limbarda crithmoides,22
Limbarda crithmoides longifolia,2
Limnaecia phragmitella,1
Limodorum abortivum,2
Limonium narbonense,20
Limonium virgatum,1
Limosa lapponica,5
Limosa limosa,4
Linaria cannabina,2
Linaria vulgaris,12
Linum bienne,3
Linum maritimum,1
Linum tenuifolium,5
Linyphia triangularis,1
Liorhyssus hyalinus,1
Lissotriton vulgaris meridionalis,2
Lithobius,1
Lithognathus mormyrus,1
Lithosia quadra,4
Livia junci,1
Lixus juncii,7
Lixus pulverulentus,1
Lobelia erinus,1
Lobesia botrana,1
Loboptera decipiens,1
Lobularia maritima,3
Locusta migratoria,20
Loligo vulgaris,21
Lolium perenne,2
Lomelosia argentea,7
Lonicera caprifolium,4
Lonicera etrusca,1
Lonicera japonica,25
Lophius piscatorius,1
Lophura nycthemera,1
Loripes orbiculatus,1
Loryma egregialis,3
Lotus corniculatus,5
Lotus herbaceus,1
Lotus maritimus,6
Lotus tenuis,4
Loxosceles rufescens,6
Loxostege sticticalis,3
Lucinoma borealis,2
Ludwigia hexapetala,5
Ludwigia peploides,2
Lumbricus terrestris,4
Lunaria annua,7
Lunularia cruciata,2
Luscinia megarhynchos,22
Luscinia svecica,4
Lycaena dispar,9
Lycaena phlaeas,39
Lycogala epidendrum,1
Lycogala flavofuscum,1
Lycopus europaeus,12
Lygaeus creticus,31
Lygaeus equestris,5
Lymantria dispar,23
Lysimachia arvensis,19
Lysimachia nummularia,6
Lysimachia vulgaris,17
Lythria purpuraria,1
Lythrum salicaria,32
Macaria alternata,1
Macaroeris nidicolens,3
Macdunnoughia confusa,4
Machimus,2
Machimus rusticus,1
Maclura pomifera,1
Macomangulus tenuis,6
Macroglossum stellatarum,47
Macrophya annulata,1
Macrophya duodecimpunctata,1
Macrosiagon,1
Macrosiagon bimaculata,1
Macrothylacia rubi,6
Mactra corallina,42
Mactra stultorum,19
Magallana gigas,136
Maja crispata,1
Maja squinado,1
Malacosoma,1
Maladera holosericea,1
Mallocybe heimii,4
Malva sylvestris,33
Mamestra brassicae,1
Mangora acalypha,7
Maniola jurtina,22
Mantis religiosa,57
Marchantia polymorpha,1
Marchantia polymorpha ruderalis,1
Mareca penelope,29
Mareca strepera,27
Marionia blainvillea,1
Marpissa muscosa,4
Marpissa nivoyi,2
Marrubium vulgare,1
Martes foina,4
Matricaria chamomilla,1
Mauremys sinensis,3
Meconema meridionale,5
Medicago arabica,4
Medicago littoralis,10
Medicago lupulina,11
Medicago marina,25
Medicago minima,1
Medicago polymorpha,1
Medicago sativa,18
Megachile centuncularis,1
Megachile sculpturalis,3
Meganola albula,2
Megascolia maculata,7
Megascolia maculata flavifrons,8
Melampsora pulcherrima,1
Melanogryllus desertus,3
Melanostoma scalare,1
Melarhaphe neritoides,15
Meles meles,7
Melilotus albus,9
Melitaea athalia,3
Melitaea celadussa,2
Melitaea didyma,36
Melitaea phoebe,15
Meloe violaceus,1
Melolontha melolontha,1
Menemerus semilimbatus,78
Menemerus taeniatus,1
Menophra abruptaria,1
Mentha aquatica,9
Mentha longifolia,1
Mentha spicata,1
Mentha suaveolens,1
Mercurialis annua,7
Mergellus albellus,1
Mergus merganser,2
Mergus serrator,3
Merops apiaster,38
Mesapamea,1
Mesembrius peregrinus,1
Mesites pallidipennis,1
Metallostichodes nigrocyanella,1
Metaphalangium cirtanum,1
Metcalfa pruinosa,42
Metylophorus nebulosus,1
Microcarbo pygmaeus,202
Microlipophrys adriaticus,20
Microlipophrys canevae,5
Microlipophrys dalmatinus,28
Micrommata virescens,7
Micromus angulatus,6
Micropterix calthella,1
Micropterus nigricans,1
Miltochrista miniata,1
Milvus migrans,5
Milvus milvus,5
Mimachlamys varia,57
Mimas tiliae,13
Mimela junii,16
Mimela junii junii,9
Minois dryas,4
Mirabilis jalapa,2
Mnemiopsis leidyi,34
Mniotype solieri,4
Modiolus barbatus,4
Monacha cantiana,1
Monacha cartusiana,16
Monochirus hispidus,1
Monodaeus couchii,2
Monomorium monomorium,1
Mononychus punctumalbum,2
Monopis monachella,1
Monosteira unicostata,1
Monotropa hypopitys,1
Morchella esculenta,1
Morchella importuna,1
Morimus asper,3
Morus alba,1
Motacilla alba,40
Motacilla flava,4
Motacilla flava cinereocapilla,1
Motacilla flava feldegg,1
Motacilla flava flava,2
Mugil cephalus,43
Mullus barbatus,3
Mullus surmuletus,3
Mummenhoffia alliacea,2
Mus musculus domesticus,1
Musa basjoo,1
Musca domestica,1
Muscari comosum,10
Muscari neglectum,5
Muscicapa striata,15
Mustela nivalis,1
Mustelus mustelus,10
Mutarda arvensis,1
Myagrum perfoliatum,3
Myathropa florea,18
Mycena haematopus,1
Mycena pseudocorticola,1
Mycena seynii,1
Myliobatis aquila,1
Myocastor coypus,163
Myosotella myosotis,7
Myosotis arvensis,2
Myosotis ramosissima,3
Myosotis scorpioides,2
Myriophyllum aquaticum,14
Myrmecina graminicola,1
Myrmeleon formicarius,2
Myrmeleon inconspicuus,2
Myrmilla calva,1
Myrrha octodecimguttata,1
Myrrha octodecimguttata formosa,1
Mystacides azureus,2
Mythimna albipuncta,9
Mythimna congrua,1
Mythimna l-album,1
Mythimna riparia,4
Mythimna sicula,1
Mythimna unipuncta,17
Mythimna vitellina,6
Mytilaster lineatus,2
Mytilaster minimus,1
Mytilus galloprovincialis,110
Nabis,2
Nacerdes carniolica,1
Nacerdes melanura,3
Nagusta goedelii,21
Narcissus pseudonarcissus,1
Nasturtium officinale,1
Naticarius hebraeus,17
Naticarius stercusmuscarum,25
Natrix,1
Natrix helvetica,1
Natrix natrix,15
Natrix tessellata,35
Nemka viduata,6
Neoscona subfusca,6
Neotinea ustulata,1
Neottiura bimaculata,1
Nepeta cataria,1
Nephrops norvegicus,1
Nephrotoma appendiculata,1
Nephrotoma crocata,1
Nephus quadrimaculatus,1
Nerium oleander,2
Netta rufina,25
Neverita josephinia,1
Nezara viridula,99
Niditinea fuscella,1
Nigella damascena,1
Nitella hyalina,1
Noctua comes,11
Noctua fimbriata,2
Noctua janthina,1
Noctua pronuba,42
Nola infantula,1
Nomisia,1
Nomophila noctuella,33
Nostoc commune,1
Notodonta tritophus,1
Novius cardinalis,1
Nuctenea umbratica,13
Numenius arquata,89
Numenius phaeopus,20
Nuphar lutea,9
Nurscia albomaculata,1
Nyctalus noctula,1
Nyctegretis lineana,2
Nycteola asiatica,2
Nycticorax nycticorax,16
Nymphaea alba,2
Nymphon gracile,3
Obama nungara,1
Oblada melanurus,2
Obrium cantharinum,1
Ocenebra erinaceus,11
Ochlodes sylvanus,53
Ochropleura plecta,5
Ocnus planci,30
Octopus vulgaris,5
Ocypus olens,3
Odonestis pruni,2
Odontomyia angulata,1
Oecanthus dulcisonans,1
Oecanthus pellucens,25
Oecobius maculatus,11
Oedemera flavipes,15
Oedemera nobilis,14
Oedipoda caerulescens,8
Oenanthe oenanthe,9
Oenopia conglobata,1
Oenothera biennis,2
Oenothera glazioviana,2
Oenothera speciosa,1
Olios argelasius,3
Ommatoiulus sabulosus,6
Omocestus rufipes,13
Oncocera semirubella,12
Ononis spinosa,4
Onychogomphus forcipatus,2
Opatrum sabulosum,1
Operophtera brumata,10
Ophioderma longicaudum,2
Ophiogomphus cecilia,35
Ophiothrix fragilis,33
Ophiura ophiura,1
Ophraella communa,4
Ophrys apifera,5
Ophrys sphegodes,3
Opilio canestrinii,6
Oplodontha viridula,1
Opomyza florum,1
Orchis purpurea,1
Orientus ishidae,4
Oriolus oriolus,8
Ornithogalum,1
Ornithogalum divergens,8
Orobanche hederae,7
Orsinigobius punctatissimus,1
Orthetrum albistylum,36
Orthetrum brunneum,11
Orthetrum cancellatum,90
Orthetrum coerulescens,10
Orthonama obstipata,9
Orthosia cerasi,1
Orthosia gothica,1
Orthotrichum diaphanum,1
Oryctes nasicornis,2
Oryctes nasicornis corniculatus,8
Oryctolagus cuniculus,12
Osmia cornuta,2
Ostrea edulis,24
Ostrinia nubilalis,16
Ostrya carpinifolia,2
Osyris alba,18
Otiorhynchus corruptor,3
Otiorhynchus cribricollis,2
Otus scops,49
Otus scops scops,2
Ova canalifera,1
Oxalis articulata,25
Oxalis corniculata,22
Oxalis dillenii,3
Oxalis latifolia,1
Oxalis pes-caprae,3
Oxalis stricta,1
Oxidus gracilis,19
Oxycarenus lavaterae,1
Oxychilus draparnaudi,1
Oxyloma elegans,1
Oxythyrea funesta,98
Pachygaster leachii,1
Pachygnatha degeeri,2
Pachygrapsus marmoratus,113
Pachyiulus oenologus,2
Pachyiulus varius,11
Pachyrhinus lethierryi,4
Pachyta quadrimaculata,1
Palaemon elegans,26
Palaemon serratus,1
Paliurus spina-christi,1
Palomena prasina,2
Palpita vitrealis,12
Pancratium maritimum,6
Pandion haliaetus,15
Panicum capillare,1
Panorpa communis,4
Pantilius tunicatus,1
Panurus biarmicus,2
Papaver rhoeas,14
Papilio machaon,29
Papillifera papillaris,6
Parabatozonus lacerticida,5
Parablennius gattorugine,7
Parablennius incognitus,11
Parablennius rouxi,4
Parablennius sanguinolentus,37
Parablennius tentacularis,9
Parablennius zvonimiri,1
Paracentrotus lividus,8
Paracorsia repandalis,3
Paracorymbia fulva,1
Paradoris indecora,3
Paraflabellina ischitana,3
Parainocellia bicolor,1
Paralaoma servilis,1
Paranemonia cinerea,7
Paranthrene tabaniformis,1
Parapholis strigosa,1
Parapoynx stratiotata,1
Pararge aegeria,36
Parasteatoda tepidariorum,4
Parastichtis suspecta,1
Pardosa,2
Parectopa robiniella,1
Parentucellia latifolia,1
Parietaria judaica,52
Parietaria officinalis,7
Parnopes grandior,2
Paromius gracilis,22
Parthenocissus quinquefolia,8
Parus major,124
Passer,1
Passer domesticus,1
Passer italiae,134
Passer montanus,21
Pastinaca sativa,1
Pastor roseus,1
Patania ruralis,5
Patella caerulea,43
Patella ulyssiponensis,2
Patinella radiata,1
Paulownia tomentosa,4
Pavo cristatus,1
Paysandisia archon,5
Pechipogo plumigeralis,3
Pecten jacobaeus,43
Pediasia contaminella,107
Pediasia luteella,1
Pediculus humanus,1
Pegusa lascaris,3
Pegusa nasuta,1
Peirates hybridus,2
Pelophylax,28
Pelophylax lessonae,6
Pelosia muscerda,2
Peltodoris atromaculata,1
Pemphigus immunis,1
Penaeus kerathurus,1
Pentanema britannica,1
Pentanema hirtum,2
Pentanema salicinum,3
Pentodon bidens,29
Pentodon bidens punctatus,42
Perca fluviatilis,2
Perdix perdix,1
Perforatus perforatus,5
Peribatodes rhomboidaria,38
Periclista lineolata,1
Peridroma saucia,4
Periparus ater,7
Periplaneta lateralis,2
Periploca graeca,1
Pernis apivorus,2
Peronaea planata,7
Peronidia albicans,12
Petrorhagia saxifraga,8
Petunia × atkinsiana,1
Pezotettix giornae,15
Phacelia tanacetifolia,4
Phaiogramma etruscaria,3
Phalacrocorax carbo,354
Phalacrocorax carbo sinensis,3
Phalangium opilio,21
Phallus hadriani,1
Phaneroptera nana,24
Pharus legumen,2
Phasianus colchicus,105
Pheidole pallidula,2
Phellinus pomaceus,1
Philaenus spumarius,2
Philaeus chrysops,48
Philanthus triangulum,3
Phillyrea angustifolia,12
Phillyrea latifolia,1
Philodromus aureolus,1
Philonicus albiceps,2
Phlegra fasciata,1
Phleum arenarium,4
Phleum pratense,1
Phlogophora meticulosa,17
Phoenicopterus roseus,129
Phoenicurus ochruros,56
Phoenicurus phoenicurus,11
Pholas dactylus,12
Pholcus phalangioides,10
Pholidoptera aptera,1
Pholidoptera griseoaptera,1
Phorcus articulatus,18
Phorcus turbinatus,34
Phragmataecia castaneae,2
Phragmatobia fuliginosa,11
Phragmites australis,26
Phragmites australis australis,5
Phycis phycis,3
Phyllobius betulinus,1
Phyllobius oblongus,5
Phyllobius pyri,1
Phyllognathus excavatus,6
Phyllopertha horticola,1
Phyllophila obliterata,1
Phylloscopus bonelli,1
Phylloscopus collybita,41
Phylloscopus collybita tristis,1
Phylloscopus inornatus,2
Phylloscopus sibilatrix,9
Phylloscopus trochilus,9
Phymatodes testaceus,3
Physcia adscendens,1
Physella acuta,3
Phytolacca americana,38
Pica pica,130
Picris hieracioides,3
Picus viridis,47
Pieris brassicae,19
Pieris mannii,4
Pieris napi,22
Pieris rapae,47
Piezodorus lituratus,3
Pilumnus spinifer,2
Pinalitus cervinus,1
Pinna nobilis,16
Pinus halepensis,1
Pinus pinaster,5
Pinus pinea,1
Pinus sylvestris,1
Pipistrellus kuhlii,1
Pisaura mirabilis,9
Pistia stratiotes,3
Pistius truncatus,3
Pittosporum tobira,3
Plagiodera versicolora,2
Plagiomnium undulatum,2
Plagiotrochus australis,2
Plagiotrochus quercusilicis,1
Planorbarius corneus,4
Plantago arenaria,5
Plantago coronopus,23
Plantago lanceolata,32
Plantago major,12
Platalea leucorodia,19
Platanthera bifolia,2
Platanus × hispanica,4
Platichthys flesus,5
Platnickina tincta,1
Platycleis affinis,3
Platycnemis pennipes,68
Platydracus stercorarius,2
Plebejus argus,3
Plectrophenax nivalis,1
Plegadis falcinellus,8
Plodia interpunctella,7
Plutella xylostella,5
Pluvialis apricaria,15
Pluvialis squatarola,70
Poa annua,10
Poa bulbosa,5
Poa pratensis,1
Poa trivialis,2
Pochazia shantungensis,1
Podarcis,2
Podarcis muralis,431
Podarcis muralis maculiventris,41
Podarcis siculus,123
Podarcis siculus campestris,14
Podiceps auritus,1
Podiceps cristatus,66
Podiceps nigricollis,119
Podiceps nigricollis nigricollis,3
Poecilimon ornatus,1
Pogonocherus hispidus,1
Polistes dominula,17
Polistes gallicus,6
Polistes mongolicus,1
Polistes nimpha,3
Polititapes aureus,11
Polyandrocarpa zorritensis,13
Polybius corrugatus,3
Polybius vernalis,35
Polycarpon tetraphyllum,2
Polycitor adriaticus,1
Polydrusus cervinus,1
Polydrusus formosus,8
Polydrusus inustus,1
Polyergus rufescens,1
Polygala comosa,2
Polygonatum multiflorum,2
Polygonatum odoratum,2
Polygonia c-album,26
Polygonia egea,59
Polygonum aviculare,5
Polyommatus bellargus,7
Polyommatus icarus,61
Polyphylla fullo,2
Polypogon monspeliensis,2
Polyxenus lagurus,3
Pomatias elegans,39
Pomatomus saltatrix,5
Pomatoschistus marmoratus,24
Pomatoschistus minutus,5
Pontia edusa,24
Populus alba,14
Populus nigra,5
Populus tremula,1
Porcellio obsoletus,5
Porcellionides pruinosus,7
Porrhoclubiona leucaspis,1
Portulaca oleracea,44
Portumnus latipes,8
Porzana porzana,2
Posidonia oceanica,2
Potamogeton nodosus,5
Potentilla indica,6
Potentilla reptans,14
Primula vulgaris,3
Prionyx,1
Prionyx kirbii,1
Procambarus clarkii,38
Propylea quatuordecimpunctata,5
Proserpinus proserpina,1
Prosevania fuscipes,1
Protaetia angustata,2
Protaetia cuprea,4
Protaetia speciosissima,7
Protoparmeliopsis muralis,4
Prunella modularis,5
Prunella vulgaris,8
Prunus avium,3
Prunus cerasifera,2
Prunus laurocerasus,2
Prunus mahaleb,3
Prunus persica,2
Prunus spinosa,14
Psathyrella ammophila,10
Pseudemys concinna,5
Pseudeuophrys vafra,4
Pseudoceros maximus,1
Pseudofusus rostrata,1
Pseudoloxops coccineus,1
Pseudolynchia canariensis,3
Pseudomogoplistes squamiger,11
Pseudoscleropodium purum,2
Psilothrix viridicoerulea,1
Psittacula derbiana,1
Psyche casta,2
Psyllobora vigintiduopunctata,8
Pteridium aquilinum,1
Pterophorus pentadactyla,5
Pterostichus niger,2
Pterostoma palpina,1
Ptyonoprogne rupestris,2
Puccinia dichondrae,1
Puccinia malvacearum,1
Puffinus yelkouan,1
Pulicaria dysenterica,8
Pulmonaria officinalis,2
Pyracantha coccinea,1
Pyralis farinalis,9
Pyrausta despicata,44
Pyrausta purpuralis,4
Pyrgus armoricanus,5
Pyrgus malvoides,5
Pyrochroa serraticornis,1
Pyropteron chrysidiforme,8
Pyrrhia umbra,5
Pyrrhidium sanguineum,3
Pyrrhocoris apterus,113
Pyura dura,1
Quercus ilex,22
Quercus petraea,1
Quercus pubescens,1
Quercus robur,9
Quercus rubra,1
Rabelera holostea,1
Raglius alboacuminatus,1
Raja asterias,1
Raja clavata,1
Rallus aquaticus,9
Rana,1
Rana dalmatina,2
Rana latastei,29
Ranunculus acris,5
Ranunculus bulbosus,11
Ranunculus parviflorus,6
Ranunculus repens,6
Ranunculus sceleratus,6
Rapana venosa,2
Raphanus raphanistrum,1
Raphanus raphanistrum sativus,1
Rapistrum rugosum,1
Raspailia viminalis,1
Rattus norvegicus,55
Rattus rattus,3
Recurvirostra avosetta,56
Reduvius personatus,2
Regulus ignicapilla,12
Regulus regulus,51
Remiz pendulinus,16
Reseda alba,4
Reseda lutea,3
Rhabdomiris striatellus,1
Rhacocleis germanica,4
Rhagium bifasciatum,1
Rhagium inquisitor,1
Rhagonycha fulva,80
Rhamnus cathartica,9
Rhamnus saxatilis,2
Rhaphigaster nebulosa,16
Rhithropanopeus harrisii,2
Rhizedra lutosa,1
Rhizostoma pulmo,245
Rhodocybe fumanellii,2
Rhodometra sacraria,20
Rhodymenia pseudopalmata,4
Rhus typhina,2
Rhynchites auratus,1
Rhyparochromus vulgaris,6
Rhysodromus histrio,1
Rhyssoplax olivacea,1
Ricania speculum,34
Riparia riparia,3
Rissa tridactyla,4
Rissoa auriscalpium,1
Rissoa membranacea,9
Rivula sericealis,5
Robinia pseudoacacia,27
Rondaniola bursaria,1
Rorippa amphibia,3
Rorippa austriaca,1
Rorippa palustris,1
Rorippa sylvestris,1
Rosa canina,5
Rosa multiflora,1
Rosa rugosa,3
Rosalia alpina,1
Rubia peregrina,15
Rubus ulmifolius,3
Ruditapes decussatus,7
Ruditapes philippinarum,12
Rumex acetosa,5
Rumex crispus,3
Rumex hydrolapathum,2
Rumex obtusifolius,9
Rumex pulcher,1
Rumina decollata,8
Runcinia grammica,3
Ruscus aculeatus,14
Ruscus hypoglossum,1
Ruspolia nitidula,12
Russula sardonia,1
Russula torulosa,1
Sabella spallanzanii,31
Sabulina tenuifolia,1
Sagina apetala,2
Sagina procumbens,4
Sagittaria sagittifolia,1
Saitis barbipes,3
Saitis tauricus,1
Salaria pavo,57
Salda adriatica,1
Salicornia europaea,1
Salicornia perennis,1
Salicornia veneta,1
Salix alba,3
Salix babylonica,1
Salsola kali,5
Salsola soda,2
Salticus scenicus,1
Salvia glutinosa,1
Salvia hispanica,1
Salvia pratensis,34
Salvia verbenaca,4
Sambucus ebulus,6
Sambucus nigra,22
Samia cynthia,1
Samolus valerandi,7
Sanguisorba minor,15
Sanguisorba officinalis,1
Saponaria officinalis,9
Sarcophaga,1
Sardina pilchardus,1
Sardinidion blackwalli,2
Sargassum muticum,95
Sargus bipunctatus,1
Sarpa salpa,17
Saturnia pavoniella,5
Saturnia pyri,6
Satyrium w-album,3
Saxicola rubetra,15
Saxicola rubicola,20
Saxifraga tridactylites,7
Scabiosa triandra,12
Scaeva pyrastri,1
Scardinius hesperidicus,1
Scathophaga stercoraria,1
Sceliphron caementarium,17
Sceliphron curvatum,2
Schizophyllum commune,15
Schoenobius gigantella,1
Schoenoplectus lacustris,1
Schoenus nigricans,18
Schrankia costaestrigalis,2
Sciaena umbra,7
Sciapus,1
Scirpoides holoschoenus,11
Sciurus vulgaris,112
Scolia hirta,6
Scolia hirta hirta,1
Scolopax rusticola,3
Scolymus hispanicus,1
Scoparia pyralella,1
Scophthalmus maximus,2
Scopula corrivalaria,1
Scopula imitaria,12
Scopula immutata,1
Scopula minorata,1
Scopula nigropunctata,3
Scopula subpunctaria,1
Scorpaena notata,23
Scorpaena porcus,8
Scorpaena scrofa,13
Scrophularia nodosa,1
Scutellaria galericulata,4
Scutigera coleoptrata,42
Scyliorhinus duhamelii,2
Scyliorhinus stellaris,6
Scymnus interruptus,1
Scythris sinensis,3
Scytodes thoracica,20
Scytodes univittata,1
Securigera varia,7
Sedum acre,6
Sedum pallidum,3
Sedum palmeri,3
Sedum sarmentosum,1
Sedum sexangulare,4
Segestria florentina,9
Segestria senoculata,1
Selysiothemis nigra,5
Senecio inaequidens,4
Senecio vulgaris,25
Senta flammea,1
Sepia officinalis,113
Sepiana sepium,2
Sepiola rondeletii,8
Serica brunnea,1
Serinus canaria domesticus,1
Serinus serinus,28
Seriola dumerili,3
Serranus hepatus,6
Serranus scriba,3
Setaria pumila,2
Setaria verticillata,1
Setaria viridis,2
Sherardia arvensis,14
Sialis,1
Sicyos angulatus,3
Sideridis rivularis,3
Silene colorata,10
Silene conica,12
Silene coronaria,1
Silene flos-cuculi,6
Silene latifolia,43
Silene otites,4
Silene vulgaris,28
Silurus glanis,1
Silybum marianum,4
Sinanodonta woodiana,10
Sitochroa palealis,1
Sitochroa verticalis,3
Sitona hispidulus,1
Sitta europaea,2
Smilax aspera,2
Solanum chenopodioides,6
Solanum dulcamara,8
Solanum lycopersicum,2
Solanum nigrum,14
Solanum pseudocapsicum,2
Solanum villosum,1
Solea solea,1
Solecurtus candidus,1
Solecurtus scopula,1
Solecurtus strigilatus,34
Soleirolia soleirolii,1
Solen marginatus,38
Solidago canadensis,1
Somateria mollissima,1
Sonchus asper,2
Sonchus maritimus,2
Sonchus oleraceus,13
Sorghum halepense,14
Sparganium erectum,5
Spartium junceum,2
Sparus aurata,23
Spatula clypeata,40
Spatula querquedula,14
Spergularia media,1
Spermophora senoculata,1
Sphaerechinus granularis,9
Sphaerophoria,5
Sphaerophoria scripta,4
Sphenella marginata,1
Sphex funerarius,8
Sphingonotus caerulans,1
Sphingonotus personatus,1
Spicara smaris,1
Spilosoma lubricipeda,7
Spilosoma lutea,1
Spilostethus pandurus,15
Spinus spinus,14
Spiranthes spiralis,1
Spiris striata,1
Spirorbinae,2
Spisula subtruncata,8
Spodoptera cilium,2
Spodoptera exigua,1
Spoladea recurvalis,1
Spondyliosoma cantharus,1
Squalius squalus,5
Squilla mantis,3
Stachys palustris,8
Stachys recta,7
Stachys recta subcrenata,1
Stachys sylvatica,2
Stauropus fagi,2
Steatoda grossa,18
Steatoda nobilis,1
Steatoda triangulosa,14
Stegania trimaculata,7
Stellaria media,13
Stellaria ruderalis,1
Stemmatophora brunnealis,1
Stenodynerus chevrieranus,1
Stenolophus teutonus,1
Stenonemobius gracilis,3
Stenopterus rufus,3
Stercorarius parasiticus,4
Sterna hirundo,151
Sterna hirundo hirundo,1
Sternbergia lutea,3
Sternula albifrons,41
Steromphala adansonii,1
Steromphala albida,9
Steromphala divaricata,4
Steromphala varia,1
Stichopogon,1
Stictocephala bisonia,7
Stictoleptura cordigera,12
Stipa pennata,3
Stomorhina lunata,2
Stratiomys longicornis,1
Streptopelia decaocto,168
Streptopelia orientalis,3
Streptopelia orientalis meena,2
Streptopelia turtur,14
Striarca lactea,1
Strix aluco,6
Stropharia coronilla,1
Sturnus vulgaris,101
Styela plicata,7
Stylurus flavipes,28
Subcoccinella vigintiquatuorpunctata,2
Suberites domuncula,1
Sulla coronaria,1
Sunira circellaris,1
Sus scrofa,4
Sylvia atricapilla,48
Sylvia borin,5
Symmoca signatella,1
Sympecma fusca,19
Sympetrum depressiusculum,6
Sympetrum fonscolombii,30
Sympetrum meridionale,38
Sympetrum sanguineum,102
Sympetrum striolatum,46
Symphodus cinereus,4
Symphodus melops,4
Symphodus tinca,3
Symphyotrichum lanceolatum,1
Symphyotrichum squamatum,7
Symphytum bulbosum,11
Symphytum officinale,25
Symphytum tuberosum,8
Synanthedon formicaeformis,2
Synaphe punctalis,2
Synclisis baetica,2
Synema globosum,6
Syngnathus abaster,1
Syngnathus taenionotus,69
Syngnathus typhle,3
Syntrichia laevipila,1
Syritta pipiens,1
Syromastus rhombeus,3
Tachybaptus ruficollis,40
Tadorna ferruginea,7
Tadorna tadorna,138
Talitrus platycheles,2
Talpa,2
Talpa europaea,15
Tamarix gallica,3
Tamarix parviflora,1
Tanymecus palliatus,2
Taphrina deformans,1
Taraxacum,2
Taraxacum officinale,3
Tarentola mauritanica,95
Taxus baccata,2
Taylorilygus apicalis,2
Tedania anhelans,11
Testudo hermanni,12
Tethea ocularis,1
Tethya citrina,6
Tethys fimbria,5
Tetragnatha,3
Tetraneura ulmi,1
Tettigonia viridissima,12
Teucrium capitatum,12
Teucrium chamaedrys,6
Thalasseus sandvicensis,122
Thalictrum aquilegiifolium,2
Thalictrum lucidum,4
Thaumetopoea pityocampa,16
Theba pisana,93
Theba pisana pisana,1
Theodoxus danubialis,2
Thereva,1
Thinopyrum acutum,2
Thinornis dubius,1
Thomisus onustus,7
Thorogobius macrolepis,2
Thracia phaseolina,1
Threskiornis aethiopicus,235
Thuridilla hopei,1
Thyatira batis,3
Thylacodes arenarius,3
Thysanozoon brocchii,15
Timandra comae,5
Tipula maxima,1
Tipula oleracea,1
Tipula paludosa,1
Tipula vernalis,1
Tolmerus cingulatus,3
Torilis arvensis,2
Torpedo marmorata,1
Tortella squarrosa,3
Tortula muralis,4
Tortula muralis muralis,2
Toxonevra muliebris,1
Trabea paradoxa,1
Trachea atriplicis,11
Trachemys scripta,113
Trachemys scripta elegans,13
Trachemys scripta scripta,5
Trachycarpus fortunei,12
Tradescantia pallida,1
Tragopogon dubius,2
Tragopogon eriospermus,2
Tragopogon porrifolius,4
Tragopogon pratensis,1
Trametes versicolor,8
Trametopsis cervina,1
Tremella mesenterica,6
Trialeurodes vaporariorum,1
Tribulus terrestris,3
Tricellaria inopinata,2
Trichius fasciatus,1
Trichodes apiarius,5
Tricholoma scalpturatum,1
Tricholoma squarrulosum,2
Trichoplusia ni,1
Trichopoda pictipennis,3
Tricolia speciosa,1
Trididemnum cereum,1
Trifolium arvense,1
Trifolium campestre,20
Trifolium dubium,4
Trifolium fragiferum,9
Trifolium hybridum,1
Trifolium medium,1
Trifolium nigrescens,6
Trifolium pratense,32
Trifolium repens,25
Trigonidium cicindeloides,1
Tringa erythropus,37
Tringa glareola,15
Tringa nebularia,80
Tringa ochropus,4
Tringa stagnatilis,2
Tringa totanus,64
Triodia sylvina,54
Tripidium ravennae,6
Tripolium pannonicum,16
Tripterygion tripteronotum,1
Trisopterus capelanus,11
Trithemis annulata,1
Tritia incrassata,1
Tritia mutabilis,25
Tritia neritea,39
Tritia nitida,21
Tritia varicosa,1
Triticum aestivum,2
Tritomegas sexmaculatus,1
Triturus carnifex,1
Trochoidea trochoides,4
Trochosa,2
Troglodytes troglodytes,14
Tropinota squalida,11
Truncatella subcylindrica,3
Truncospora atlantica,1
Trypetoptera punctulata,1
Tulostoma brumale,2
Turdus iliacus,4
Turdus merula,294
Turdus philomelos,6
Turdus pilaris,3
Turdus torquatus,1
Turdus viscivorus,2
Turritella turbona,1
Turritellinella tricarinata,55
Tursiops truncatus,9
Tussilago farfara,15
Tylodina perversa,1
Typha laxmannii,2
Tyta luctuosa,19
Tyto alba,15
Udea ferrugalis,11
Ulmus minor,3
Ulva,9
Ulva intestinalis,1
Ulva lactuca,6
Umbilicus rupestris,15
Umbrina cirrosa,3
Undaria pinnatifida,36
Unio elongatulus,2
Unioninae,1
Upogebia pusilla,4
Upupa epops,31
Upupa epops epops,1
Uresiphita gilvata,1
Urtica dioica,3
Urtica membranacea,4
Urtica urens,2
Utetheisa pulchella,1
Valerianella locusta,3
Valgus hemipterus,8
Vallisneria spiralis,7
Vallonia pulchella,1
Vanellus vanellus,57
Vanessa atalanta,116
Vanessa cardui,46
Varicorbula gibba,1
Variospora aurantia,2
Venus verrucosa,10
Verbascum blattaria,10
Verbascum phlomoides,2
Verbascum sinuatum,12
Verbascum thapsus,4
Verbena officinalis,32
Vermetus triquetrus,1
Vermiviatum covidum,1
Veronica anagallis-aquatica,6
Veronica arvensis,7
Veronica beccabunga,1
Veronica chamaedrys,5
Veronica hederifolia,11
Veronica persica,55
Veronica serpyllifolia,4
Vespa crabro,64
Vespa orientalis,1
Vespula germanica,36
Vespula vulgaris,2
Vibidia duodecimguttata,5
Viburnum lantana,22
Viburnum opulus,16
Viburnum tinus,3
Vicia cracca,2
Vicia hirsuta,1
Vicia sativa,16
Vicia sativa nigra,1
Villa hottentotta,1
Vinca major,7
Vinca minor,4
Vincetoxicum hirundinaria,2
Viola alba,7
Viola odorata,14
Viola reichenbachiana,1
Viola sororia,1
Viola tricolor,2
Vipera aspis,3
Vipera aspis francisciredi,2
Vitex agnus-castus,1
Viviparus ater,4
Viviparus contectus,2
Volucella zonaria,21
Volvopluteus gloiocephalus,9
Vulpes vulpes,23
Vulpes vulpes crucigera,2
Xanthium orientale,9
Xantho poressa,2
Xanthochilus,1
Xanthogaleruca luteola,8
Xanthorhoe fluctuata,8
Xanthoria calcicola,1
Xanthoria parietina,55
Xenus cinereus,1
Xerocomellus redeuilhii,1
Xerotricha conspurcata,2
Xestia c-nigrum,3
Xestia xanthographa,2
Xiphias gladius,2
Xylocopa,7
Xylocopa violacea,8
Xylomoia stangelmaieri,1
Xylotrechus smei,4
Xysticus cristatus,1
Yersinella raymondii,7
Yponomeuta cagnagella,1
Yponomeuta evonymella,1
Yucca gloriosa,13
Yucca gloriosa tristis,1
Zanclognatha lunalis,2
Zantedeschia aethiopica,6
Zapornia parva,5
Zea mays,1
Zebeeba falsalis,1
Zelus renardii,4
Zeugopterus regius,10
Zeus faber,6
Zeuzera pyrina,3
Zicrona caerulea,1
Zilla diodia,7
Zonitoides arboreus,1
Zoropsis spinimana,28
Zostera marina,1
Zostera noltii,2
Zuphium olens,1
Zygaena filipendulae,16
Zygiella x-notata,8